Gene Group,BB Name,Gene Color,Gene RST,Lipoprotein,Module,Module RST
group_988,,"(0.0, 0.0, 0.0)",Equal,0,Module 1,RST3
group_785,,"(0.4112554112554112, 0.0, 1.0)",RST3,0,Module 1,RST3
bppA~~~yqaJ,,"(0.4523809523809524, 0.9675925925925926, 1.0)",RST3,0,Module 1,RST3
group_510,BB_Q38,"(0.5654761904761905, 0.9895833333333335, 1.0)",RST3,0,Module 1,RST3
group_345,,"(0.6233766233766234, 1.0, 0.9186602870813397)",RST2,0,Module 1,RST3
group_1025,BB_P26,"(0.2261904761904762, 0.3958333333333333, 1.0)",RST3,0,Module 1,RST3
group_1014,,"(0.6220238095238095, 0.9401041666666666, 1.0)",RST3,0,Module 1,RST3
group_349,,"(0.7755102040816326, 0.4523809523809524, 1.0)",RST3,0,Module 1,RST3
group_677,,"(0.6984126984126985, 1.0, 0.42105263157894735)",RST2,0,Module 1,RST3
group_798,BB_K02a,"(0.10052910052910052, 0.35185185185185186, 1.0)",RST3,0,Module 2,RST1
group_805,,"(0.27838827838827834, 0.18269230769230768, 1.0)",RST3,0,Module 2,RST1
group_648,,"(0.2857142857142857, 1.0, 0.631578947368421)",RST2,0,Module 2,RST1
group_633,,"(0.2857142857142857, 1.0, 0.631578947368421)",RST2,0,Module 2,RST1
group_656,BB_F24,"(0.2857142857142857, 1.0, 0.631578947368421)",RST2,0,Module 2,RST1
group_164,BB_N39,"(1.0, 0.875, 0.0)",RST1,1,Module 2,RST1
group_577,BB_G15,"(0.13919413919413917, 0.06089743589743589, 1.0)",RST3,0,Module 2,RST1
group_1096,BB_K49,"(0.9047619047619048, 0.0, 1.0)",RST3,0,Module 2,RST1
group_924,BB_D04,"(0.09523809523809523, 1.0, 0.7368421052631579)",RST2,0,Module 2,RST1
group_1064,,"(1.0, 0.0, 0.0)",RST1,0,Module 2,RST1
group_753,,"(0.13919413919413917, 0.06089743589743589, 1.0)",RST3,0,Module 2,RST1
group_1164,BB_U04,"(0.09523809523809523, 1.0, 0.7368421052631579)",RST2,0,Module 2,RST1
group_968,BB_K13,"(0.09523809523809523, 1.0, 0.8947368421052632)",RST2,0,Module 2,RST1
group_727,,"(0.15079365079365079, 0.06597222222222222, 1.0)",RST3,0,Module 2,RST1
group_732,,"(0.15079365079365079, 0.06597222222222222, 1.0)",RST3,0,Module 2,RST1
group_1044,,"(0.15079365079365079, 0.06597222222222222, 1.0)",RST3,0,Module 2,RST1
group_1323,BB_0852,"(0.5714285714285714, 1.0, 0.0)",RST2,0,Module 2,RST1
group_36,,"(0.09523809523809523, 1.0, 0.631578947368421)",RST2,0,Module 2,RST1
group_783,,"(0.07539682539682539, 0.6597222222222223, 1.0)",RST3,0,Module 2,RST1
cdsA,,"(0.11428571428571427, 1.0, 0.8210526315789474)",RST2,0,Module 2,RST1
group_579,BB_G10,"(0.11428571428571427, 1.0, 0.5052631578947367)",RST2,0,Module 2,RST1
group_671,BB_G24,"(0.12698412698412698, 1.0, 0.7719298245614036)",RST2,0,Module 2,RST1
group_672,BB_G25,"(0.12698412698412698, 1.0, 0.7719298245614036)",RST2,1,Module 2,RST1
group_733,BB_G27,"(0.12698412698412698, 1.0, 0.7719298245614036)",RST2,0,Module 2,RST1
group_824,,"(0.4523809523809524, 0.6927083333333334, 1.0)",RST3,0,Module 2,RST1
group_466,,"(0.15079365079365079, 0.06597222222222222, 1.0)",RST3,0,Module 2,RST1
group_822,BB_R34,"(0.15079365079365079, 0.5277777777777778, 1.0)",RST3,0,Module 2,RST1
group_752,,"(0.13919413919413917, 0.06089743589743589, 1.0)",RST3,0,Module 2,RST1
group_1300,,"(1.0, 0.0, 0.0)",RST1,0,Module 2,RST1
group_652,BB_N22,"(0.08225108225108224, 0.0, 1.0)",RST3,0,Module 2,RST1
group_649,BB_S15,"(0.08225108225108224, 0.0, 1.0)",RST3,0,Module 2,RST1
group_622,BB_Q31,"(0.08225108225108224, 0.0, 1.0)",RST3,0,Module 2,RST1
group_902,,"(1.0, 0.0, 0.0)",RST1,1,Module 2,RST1
group_447,BB_F24,"(1.0, 0.0, 0.0)",RST1,0,Module 2,RST1
group_410,BB_M04,"(1.0, 0.0, 0.0)",RST1,0,Module 2,RST1
group_389,BB_G22,"(1.0, 0.0, 0.0)",RST1,0,Module 2,RST1
group_127,BB_G05,"(1.0, 0.0, 0.0)",RST1,0,Module 2,RST1
group_282,BB_G01,"(1.0, 0.0, 0.0)",RST1,1,Module 2,RST1
group_254,BB_N34,"(1.0, 0.0, 0.0)",RST1,0,Module 2,RST1
group_149,BB_G06,"(1.0, 0.0, 0.0)",RST1,0,Module 2,RST1
group_138,BB_F26,"(1.0, 0.0, 0.0)",RST1,0,Module 2,RST1
group_1,BB_S29,"(1.0, 0.0, 0.0)",RST1,0,Module 2,RST1
group_369,BB_M38,"(1.0, 0.0, 0.0)",RST1,1,Module 2,RST1
group_448,BB_G34,"(1.0, 0.0, 0.0)",RST1,0,Module 2,RST1
group_503,BB_G29,"(1.0, 0.0, 0.0)",RST1,0,Module 2,RST1
group_976,BB_H09,"(1.0, 0.0, 0.0)",RST1,0,Module 2,RST1
group_864,BB_I20,"(1.0, 0.0, 0.0)",RST1,0,Module 2,RST1
group_913,BB_G26,"(1.0, 0.0, 0.0)",RST1,0,Module 2,RST1
group_914,,"(1.0, 0.0, 0.0)",RST1,0,Module 2,RST1
group_856,BB_F23,"(1.0, 0.0, 0.0)",RST1,0,Module 2,RST1
group_1187,BB_G30,"(1.0, 0.0, 0.0)",RST1,0,Module 2,RST1
group_832,BB_H13,"(1.0, 0.0, 0.0)",RST1,0,Module 2,RST1
group_828,BB_G31,"(1.0, 0.0, 0.0)",RST1,0,Module 2,RST1
group_857,BB_F25,"(1.0, 0.0, 0.0)",RST1,0,Module 2,RST1
group_1166,BB_G24,"(1.0, 0.0, 0.0)",RST1,0,Module 2,RST1
group_188,,"(0.14906832298136644, 1.0, 0.8787185354691075)",RST2,0,Module 3,RST2
group_522,BB_K15,"(0.0, 1.0, 0.48120300751879697)",RST2,0,Module 3,RST2
erpG,BB_S41,"(0.0, 1.0, 0.6015037593984962)",RST2,1,Module 3,RST2
group_60,BB_K17,"(0.0, 1.0, 0.48120300751879697)",RST2,0,Module 3,RST2
group_129,BB_K17,"(0.0, 1.0, 0.48120300751879697)",RST2,0,Module 3,RST2
group_615,,"(0.1130952380952381, 0.6927083333333334, 1.0)",RST3,0,Module 3,RST2
group_951,BB_H40,"(0.0, 1.0, 0.3508771929824561)",RST2,0,Module 3,RST2
group_274,BB_K17,"(0.0, 1.0, 0.48120300751879697)",RST2,0,Module 3,RST2
group_169,,"(0.0, 1.0, 0.49122807017543857)",RST2,0,Module 3,RST2
group_212,BB_I42,"(0.0, 1.0, 0.3444976076555024)",RST2,1,Module 3,RST2
group_238,BB_G05,"(0.0, 1.0, 0.38443935926773454)",RST2,0,Module 3,RST2
group_644,BB_K13,"(0.0, 1.0, 0.5052631578947367)",RST2,0,Module 3,RST2
group_155,BB_G32,"(0.0, 1.0, 0.3789473684210526)",RST2,0,Module 3,RST2
group_1176,BB_G05,"(0.0, 1.0, 0.3789473684210526)",RST2,0,Module 3,RST2
group_722,,"(0.546583850931677, 1.0, 0.8787185354691075)",RST2,0,Module 3,RST2
group_1015,BB_N43,"(0.8447204968944099, 1.0, 0.8237986270022883)",RST2,0,Module 3,RST2
group_533,,"(0.6349206349206349, 1.0, 0.912280701754386)",RST2,0,Module 3,RST2
group_309,BB_M18,"(0.6233766233766234, 1.0, 0.6889952153110048)",RST2,0,Module 3,RST2
group_110,BB_K02a,"(0.09523809523809523, 1.0, 0.8947368421052632)",RST2,0,Module 3,RST2
group_786,,"(0.18045112781954886, 1.0, 0.5983379501385041)",RST2,0,Module 3,RST2
group_1087,BB_J29,"(0.0, 1.0, 0.3508771929824561)",RST2,0,Module 3,RST2
group_1045,BB_Q01,"(0.0, 0.5277777777777778, 1.0)",RST3,0,Module 3,RST2
group_1086,BB_T07,"(0.0, 1.0, 0.3508771929824561)",RST2,0,Module 3,RST2
group_1106,BB_G05,"(0.0, 1.0, 0.3508771929824561)",RST2,0,Module 3,RST2
group_1301,BB_F32,"(0.0, 0.0, 1.0)",RST3,0,Module 3,RST2
group_361,BB_G29,"(0.0, 0.0, 1.0)",RST3,0,Module 3,RST2
vlsE,BB_F32,"(0.0, 0.0, 1.0)",RST3,1,Module 3,RST2
group_101,,"(0.0, 0.0, 1.0)",RST3,0,Module 3,RST2
group_1084,,"(0.0, 0.0, 1.0)",RST3,1,Module 3,RST2
group_751,BB_F32,"(0.0, 1.0, 0.631578947368421)",RST2,0,Module 3,RST2
group_341,BB_M32,"(0.0, 1.0, 0.42105263157894735)",RST2,0,Module 3,RST2
group_375,BB_I19,"(0.0, 1.0, 0.42105263157894735)",RST2,0,Module 3,RST2
group_643,,"(0.0, 0.08796296296296297, 1.0)",RST3,0,Module 3,RST2
group_844,BB_L34,"(0.0, 1.0, 0.42105263157894735)",RST2,0,Module 3,RST2
group_861,,"(0.0, 1.0, 0.42105263157894735)",RST2,0,Module 3,RST2
group_975,BB_G29,"(0.0, 1.0, 0.42105263157894735)",RST2,0,Module 3,RST2
tnpA,,"(0.0, 0.0, 1.0)",RST3,1,Module 3,RST2
group_502,BB_M38,"(0.0, 1.0, 0.8421052631578947)",RST2,1,Module 3,RST2
group_536,,"(0.44720496894409933, 1.0, 0.8787185354691075)",RST2,0,Module 3,RST2
group_1150,BB_0001,"(1.0, 1.0, 1.0)",Equal,1,Module 3,RST2
group_189,BB_U06,"(0.0, 1.0, 0.3508771929824561)",RST2,0,Module 3,RST2
group_737,BB_G29,"(0.0, 1.0, 0.42105263157894735)",RST2,0,Module 3,RST2
group_638,,"(0.4257703081232493, 0.23284313725490197, 1.0)",RST3,0,Module 4,RST3
ospC,BB_B19,"(1.0, 0.9583333333333334, 1.0)",RST3,1,Module 4,RST3
group_705,,"(0.7755102040816326, 0.39583333333333337, 1.0)",RST3,0,Module 4,RST3
group_810,,"(1.0, 0.4375, 0.9671052631578947)",RST1,0,Module 4,RST3
mlpI~~~mlpG,BB_S30,"(1.0, 0.0, 0.6140350877192983)",RST1,1,Module 4,RST3
group_936,,"(0.5714285714285714, 1.0, 0.0)",RST2,0,Module 4,RST3
group_647,,"(1.0, 0.125, 0.631578947368421)",RST1,0,Module 4,RST3
group_173,BB_C11%2CBBC11,"(1.0, 0.0, 0.5526315789473685)",RST1,0,Module 4,RST3
group_246,BB_M14,"(0.6031746031746031, 0.7037037037037037, 1.0)",RST3,0,Module 4,RST3
group_213,BB_O17,"(0.9047619047619048, 0.15833333333333333, 1.0)",RST3,0,Module 4,RST3
group_397,,"(1.0, 0.7875000000000001, 0.7736842105263158)",RST1,0,Module 4,RST3
group_206,BB_C12%2CBBC12,"(1.0, 0.0, 0.5526315789473685)",RST1,0,Module 4,RST3
erpM~~~erpC,BB_O40,"(0.7755102040816326, 0.2261904761904762, 1.0)",RST3,1,Module 4,RST3
group_7,BB_C02%2CBBC02,"(0.0, 0.1130952380952381, 1.0)",RST3,0,Module 4,RST3
erpY~~~erpL,,"(0.30158730158730157, 0.17592592592592593, 1.0)",RST3,1,Module 4,RST3
mlpG,BB_R28,"(1.0, 0.2916666666666667, 0.7368421052631579)",RST1,1,Module 4,RST3
group_1302,BB_F32,"(0.0, 0.0, 0.0)",Equal,0,Module 4,RST3
group_1303,BB_Q35,"(0.0, 0.0, 0.0)",Equal,1,Module 4,RST3
group_1304,BB_Q35,"(0.0, 0.0, 0.0)",Equal,1,Module 4,RST3
tM2,BB_U09,"(0.0, 0.3958333333333333, 1.0)",RST3,0,Module 4,RST3
group_986,,"(0.0, 0.0, 0.0)",Equal,1,Module 4,RST3
group_314,BB_O40,"(0.0, 0.0, 1.0)",RST3,1,Module 4,RST3
group_817,BB_N41,"(0.4523809523809524, 0.0, 1.0)",RST3,0,Module 4,RST3
group_610,BB_Q35,"(0.9142857142857141, 1.0, 0.2526315789473684)",RST2,1,Module 4,RST3
group_1030,BB_M34,"(0.9047619047619048, 0.0, 1.0)",RST3,0,Module 4,RST3
group_639,BB_C07%2CBBC07,"(0.2714285714285714, 0.39583333333333337, 1.0)",RST3,0,Module 4,RST3
group_1098,BB_M27,"(0.0, 0.0, 0.0)",Equal,1,Module 4,RST3
group_442,BB_L32,"(0.20168067226890754, 1.0, 0.9659442724458204)",RST2,0,Module 5,RST3
group_568,BB_L34,"(0.20168067226890754, 1.0, 0.9659442724458204)",RST2,0,Module 5,RST3
group_788,,"(0.376984126984127, 0.46180555555555564, 1.0)",RST3,0,Module 5,RST3
group_557,,"(0.5816326530612245, 0.3392857142857143, 1.0)",RST3,0,Module 5,RST3
group_789,,"(0.7108843537414967, 0.1130952380952381, 1.0)",RST3,0,Module 5,RST3
group_767,,"(0.8225108225108224, 0.6477272727272727, 1.0)",RST3,0,Module 5,RST3
group_754,,"(0.9047619047619048, 0.36538461538461536, 1.0)",RST3,0,Module 5,RST3
group_1035,,"(1.0, 1.0, 1.0)",Equal,0,Module 5,RST3
group_776,BB_M14,"(0.41758241758241754, 0.9134615384615384, 1.0)",RST3,0,Module 5,RST3
group_764,BB_M07,"(0.6349206349206349, 1.0, 0.9824561403508771)",RST2,0,Module 5,RST3
group_787,,"(0.05654761904761905, 0.9401041666666666, 1.0)",RST3,0,Module 5,RST3
group_179,BB_G34,"(0.1292517006802721, 0.9047619047619048, 1.0)",RST3,0,Module 5,RST3
group_888,BB_G18,"(0.0, 0.0, 1.0)",RST3,0,Module 5,RST3
group_285,BB_D04,"(0.2585034013605442, 0.0, 1.0)",RST3,0,Module 5,RST3
group_145,BB_O30,"(0.0, 0.0, 1.0)",RST3,0,Module 5,RST3
group_436,BB_M38,"(0.0, 0.0, 1.0)",RST3,1,Module 5,RST3
group_2,BB_M04,"(0.0, 0.0, 1.0)",RST3,0,Module 5,RST3
rnmV,BB_0626,"(0.0, 0.0, 1.0)",RST3,0,Module 5,RST3
group_324,BB_E09,"(0.0, 0.39583333333333337, 1.0)",RST3,1,Module 5,RST3
group_1154,BB_I06,"(0.0, 0.39583333333333337, 1.0)",RST3,0,Module 5,RST3
group_756,,"(0.376984126984127, 0.32986111111111116, 1.0)",RST3,0,Module 5,RST3
group_813,,"(0.4871794871794871, 0.0, 1.0)",RST3,0,Module 5,RST3
group_460,BB_K53,"(0.0, 0.47500000000000003, 1.0)",RST3,1,Module 6,RST3
group_708,BB_Q39,"(0.8739495798319328, 1.0, 0.8916408668730649)",RST2,0,Module 6,RST3
group_750,,"(1.0, 0.875, 0.9210526315789475)",RST1,0,Module 6,RST3
group_819,,"(0.8225108225108224, 0.5757575757575757, 1.0)",RST3,0,Module 6,RST3
group_156,,"(0.7916666666666666, 0.9401041666666666, 1.0)",RST3,0,Module 6,RST3
group_280,,"(0.3877551020408163, 0.7916666666666667, 1.0)",RST3,1,Module 6,RST3
group_445,BB_Q38,"(0.6580086580086579, 0.9356060606060606, 1.0)",RST3,0,Module 6,RST3
group_1037,BB_K52,"(0.3877551020408163, 0.6785714285714286, 1.0)",RST3,1,Module 6,RST3
group_367,BB_0733,"(0.3877551020408163, 0.9047619047619048, 1.0)",RST3,0,Module 6,RST3
group_1040,BB_G23,"(0.0, 0.1130952380952381, 1.0)",RST3,0,Module 6,RST3
group_90,,"(0.17582417582417584, 1.0, 0.5829959514170041)",RST2,0,Module 6,RST3
mlpJ,BB_Q35,"(0.0, 1.0, 0.9307479224376731)",RST2,1,Module 6,RST3
group_1284,BB_A69,"(0.0, 1.0, 0.7894736842105263)",RST2,1,Module 6,RST3
group_1218,,"(0.0, 0.47500000000000003, 1.0)",RST3,0,Module 6,RST3
group_1221,BB_J45,"(0.0, 0.0, 1.0)",RST3,1,Module 6,RST3
group_263,BB_S42,"(0.0, 0.3958333333333333, 1.0)",RST3,0,Module 6,RST3
group_591,,"(0.0, 0.3958333333333333, 1.0)",RST3,0,Module 6,RST3
group_469,BB_S41,"(0.0, 0.0, 1.0)",RST3,1,Module 6,RST3
group_984,BB_R24,"(0.0, 0.0, 1.0)",RST3,0,Module 6,RST3
group_809,,"(0.2585034013605442, 0.1130952380952381, 1.0)",RST3,0,Module 6,RST3
group_288,,"(0.5854341736694678, 0.6519607843137255, 1.0)",RST3,0,Module 6,RST3
group_723,BB_E02,"(0.0, 1.0, 0.5052631578947367)",RST2,0,Module 6,RST3
group_236,,"(1.0, 1.0, 0.8421052631578947)",RST1,0,Module 7,RST1
group_1184,BB_I28,"(1.0, 1.0, 0.8947368421052632)",RST1,1,Module 7,RST1
group_1165,,"(1.0, 1.0, 0.8947368421052632)",RST1,0,Module 7,RST1
group_956,BB_I12,"(1.0, 1.0, 0.8947368421052632)",RST1,0,Module 7,RST1
group_645,BB_I29,"(1.0, 1.0, 0.8947368421052632)",RST1,1,Module 7,RST1
group_863,BB_I20,"(1.0, 1.0, 0.8947368421052632)",RST1,0,Module 7,RST1
group_279,,"(1.0, 0.9545454545454545, 0.9043062200956937)",RST1,0,Module 7,RST1
mlpA,,"(0.7619047619047619, 1.0, 0.14035087719298245)",RST2,1,Module 7,RST1
group_1185,BB_I31,"(1.0, 1.0, 0.8947368421052632)",RST1,0,Module 7,RST1
group_520,,"(0.8571428571428571, 1.0, 0.7578947368421052)",RST2,0,Module 7,RST1
group_459,BB_H27,"(1.0, 1.0, 0.8421052631578947)",RST1,0,Module 7,RST1
group_655,BB_H32,"(1.0, 1.0, 0.8421052631578947)",RST1,1,Module 7,RST1
group_632,BB_H29,"(1.0, 1.0, 0.8421052631578947)",RST1,0,Module 7,RST1
group_573,BB_H26,"(1.0, 1.0, 0.8421052631578947)",RST1,0,Module 7,RST1
group_575,BB_H28,"(1.0, 1.0, 0.8421052631578947)",RST1,0,Module 7,RST1
group_596,BB_O30,"(1.0, 1.0, 0.15789473684210525)",RST1,0,Module 7,RST1
group_289,,"(0.8944099378881987, 1.0, 0.8237986270022883)",RST2,0,Module 7,RST1
group_443,BB_S33,"(0.935064935064935, 1.0, 0.861244019138756)",RST2,0,Module 7,RST1
group_96,,"(1.0, 0.875, 0.5263157894736842)",RST1,0,Module 7,RST1
group_481,BB_I21,"(1.0, 1.0, 0.8947368421052632)",RST1,0,Module 7,RST1
group_1052,BB_M08,"(1.0, 0.8750000000000001, 0.49736842105263157)",RST1,0,Module 7,RST1
group_847,BB_I22,"(1.0, 1.0, 0.8947368421052632)",RST1,0,Module 7,RST1
group_320,BB_R38,"(1.0, 0.9479166666666666, 0.3684210526315789)",RST1,0,Module 7,RST1
group_235,,"(1.0, 1.0, 0.8947368421052632)",RST1,0,Module 7,RST1
mtnN,BB_I06,"(1.0, 1.0, 0.8947368421052632)",RST1,0,Module 7,RST1
group_1310,BB_S08,"(0.0, 0.0, 0.0)",Equal,1,Module 7,RST1
group_350,,"(0.09523809523809523, 1.0, 0.3157894736842105)",RST2,1,Module 7,RST1
group_535,BB_U09,"(0.09523809523809523, 1.0, 0.3157894736842105)",RST2,0,Module 7,RST1
group_432,BB_M24,"(0.09937888198757763, 1.0, 0.5491990846681921)",RST2,0,Module 7,RST1
group_703,,"(0.7950310559006211, 1.0, 0.7688787185354691)",RST2,0,Module 7,RST1
group_730,,"(0.15238095238095237, 1.0, 0.42105263157894735)",RST2,0,Module 7,RST1
group_738,,"(0.15238095238095237, 1.0, 0.6736842105263158)",RST2,0,Module 7,RST1
group_742,,"(0.5378151260504201, 1.0, 0.8173374613003096)",RST2,0,Module 7,RST1
group_383,,"(0.13445378151260504, 1.0, 0.14860681114551083)",RST2,0,Module 7,RST1
group_729,,"(0.42105263157894735, 1.0, 0.7313019390581718)",RST2,0,Module 7,RST1
group_411,BB_M42,"(0.24060150375939848, 1.0, 0.5318559556786704)",RST2,0,Module 7,RST1
bppC,BB_L38,"(0.8311688311688311, 1.0, 0.9186602870813397)",RST2,0,Module 7,RST1
group_781,,"(0.9285714285714286, 1.0, 0.9473684210526315)",RST2,0,Module 7,RST1
group_49,BB_I29,"(1.0, 1.0, 0.8947368421052632)",RST1,1,Module 7,RST1
group_51,BB_I40,"(1.0, 1.0, 0.8947368421052632)",RST1,0,Module 7,RST1
group_120,BB_I26,"(1.0, 1.0, 0.8947368421052632)",RST1,0,Module 7,RST1
group_137,BB_I19,"(1.0, 1.0, 0.8947368421052632)",RST1,0,Module 7,RST1
group_140,BB_I34,"(1.0, 1.0, 0.8947368421052632)",RST1,0,Module 7,RST1
bdrM,BB_M34,"(0.20168067226890754, 1.0, 0.14860681114551083)",RST2,0,Module 7,RST1
group_363,BB_I16,"(1.0, 1.0, 0.8947368421052632)",RST1,1,Module 7,RST1
group_435,,"(1.0, 0.75, 0.6842105263157895)",RST1,0,Module 8,RST3
group_440,,"(0.2714285714285714, 0.7125, 1.0)",RST3,0,Module 8,RST3
group_222,BB_C03%2CBBC03,"(0.9047619047619048, 0.7916666666666667, 1.0)",RST3,0,Module 8,RST3
group_151,BB_C12%2CBBC12,"(0.753968253968254, 0.6597222222222223, 1.0)",RST3,0,Module 8,RST3
group_455,,"(0.4705882352941176, 1.0, 0.8916408668730649)",RST2,0,Module 8,RST3
group_1197,BB_B27,"(1.0, 1.0, 0.9473684210526315)",RST1,1,Module 8,RST3
group_287,,"(0.6959706959706959, 0.608974358974359, 1.0)",RST3,0,Module 8,RST3
group_659,BB_C05%2CBBC05,"(0.8293650793650794, 0.6597222222222223, 1.0)",RST3,0,Module 8,RST3
group_816,,"(0.6031746031746031, 0.7256944444444444, 1.0)",RST3,0,Module 8,RST3
group_269,BB_K12,"(1.0, 1.0, 0.7894736842105263)",RST1,1,Module 8,RST3
group_1180,BB_K15,"(1.0, 1.0, 0.7894736842105263)",RST1,0,Module 8,RST3
sIMPL,BB_K13,"(1.0, 1.0, 0.7894736842105263)",RST1,0,Module 8,RST3
group_242,BB_K19,"(1.0, 1.0, 0.7894736842105263)",RST1,1,Module 8,RST3
group_261,BB_K32,"(1.0, 1.0, 0.7894736842105263)",RST1,1,Module 8,RST3
group_103,,"(1.0, 1.0, 0.7894736842105263)",RST1,0,Module 8,RST3
group_1046,BB_K21,"(1.0, 1.0, 0.7894736842105263)",RST1,0,Module 8,RST3
group_1047,BB_K22,"(1.0, 1.0, 0.7894736842105263)",RST1,0,Module 8,RST3
group_1048,BB_K23,"(1.0, 1.0, 0.7894736842105263)",RST1,0,Module 8,RST3
group_1049,BB_K24,"(1.0, 1.0, 0.7894736842105263)",RST1,0,Module 8,RST3
group_272,,"(0.9047619047619048, 0.6157407407407408, 1.0)",RST3,0,Module 8,RST3
group_425,,"(1.0, 0.8749999999999999, 0.6028708133971291)",RST1,0,Module 8,RST3
ade,BB_K17,"(1.0, 1.0, 0.7894736842105263)",RST1,0,Module 8,RST3
group_593,,"(0.8142857142857143, 0.39583333333333337, 1.0)",RST3,0,Module 8,RST3
group_1136,,"(0.0, 0.7916666666666666, 1.0)",RST3,0,Module 8,RST3
group_374,BB_H26,"(0.0, 0.9895833333333335, 1.0)",RST3,0,Module 8,RST3
group_584,BB_F32,"(0.0, 0.0, 1.0)",RST3,0,Module 8,RST3
group_501,BB_F32,"(0.0, 0.0, 1.0)",RST3,0,Module 8,RST3
group_782,BB_F32,"(0.0, 0.0, 1.0)",RST3,0,Module 8,RST3
group_978,BB_F08,"(0.0, 0.0, 1.0)",RST3,0,Module 8,RST3
group_850,BB_K41,"(0.0, 0.0, 1.0)",RST3,0,Module 8,RST3
group_322,BB_P36,"(0.34782608695652173, 1.0, 0.6041189931350115)",RST2,0,Module 8,RST3
group_859,BB_R34,"(0.0, 0.0, 1.0)",RST3,0,Module 8,RST3
group_451,BB_F24,"(0.0, 0.0, 1.0)",RST3,0,Module 8,RST3
group_42,BB_F32,"(0.0, 0.0, 1.0)",RST3,0,Module 8,RST3
group_323,BB_F32,"(0.0, 0.0, 1.0)",RST3,1,Module 8,RST3
group_1177,BB_K47,"(0.0, 0.0, 1.0)",RST3,0,Module 8,RST3
group_946,,"(0.0, 0.0, 1.0)",RST3,0,Module 8,RST3
group_172,,"(0.15079365079365079, 0.13194444444444445, 1.0)",RST3,0,Module 8,RST3
group_599,BB_M39,"(0.0, 0.7916666666666667, 1.0)",RST3,0,Module 8,RST3
group_1041,BB_G22,"(0.0, 0.0, 1.0)",RST3,0,Module 8,RST3
group_88,BB_G32,"(0.0, 0.7916666666666666, 1.0)",RST3,0,Module 8,RST3
group_941,BB_D04,"(0.0, 0.7916666666666666, 1.0)",RST3,0,Module 8,RST3
group_982,,"(0.0, 0.0, 1.0)",RST3,0,Module 8,RST3
yidD,BB_0143,"(0.2585034013605442, 0.0, 1.0)",RST3,0,Module 8,RST3
group_570,BB_P29,"(0.5442176870748299, 1.0, 0.8421052631578947)",RST2,0,Module 8,RST3
group_380,BB_F32,"(0.0, 0.0, 1.0)",RST3,0,Module 8,RST3
group_812,,"(0.8311688311688311, 1.0, 0.6889952153110048)",RST2,0,Module 9,RST2
group_499,BB_K07,"(1.0, 0.875, 0.6842105263157895)",RST1,1,Module 9,RST2
group_1174,BB_K09,"(1.0, 0.875, 0.6842105263157895)",RST1,0,Module 9,RST2
group_603,,"(0.6857142857142856, 1.0, 0.8210526315789474)",RST2,0,Module 9,RST2
group_634,,"(0.6857142857142857, 1.0, 0.42105263157894735)",RST2,0,Module 9,RST2
group_412,,"(0.8311688311688311, 1.0, 0.6889952153110048)",RST2,0,Module 9,RST2
group_187,,"(0.8571428571428571, 1.0, 0.631578947368421)",RST2,0,Module 9,RST2
group_616,,"(1.0, 0.9210526315789475, 0.6980609418282548)",RST1,0,Module 9,RST2
group_587,,"(0.9937888198757763, 1.0, 0.7139588100686499)",RST2,0,Module 9,RST2
group_507,,"(1.0, 0.9375, 0.5526315789473685)",RST1,0,Module 9,RST2
group_698,BB_O44,"(0.9670329670329672, 1.0, 0.4858299595141701)",RST2,0,Module 9,RST2
group_517,,"(0.5442176870748299, 1.0, 0.9022556390977444)",RST2,0,Module 9,RST2
group_23,BB_F32,"(0.0, 0.0, 1.0)",RST3,0,Module 9,RST2
group_974,BB_N42,"(0.0, 0.0, 1.0)",RST3,0,Module 9,RST2
group_952,,"(0.0, 0.0, 1.0)",RST3,0,Module 9,RST2
group_399,,"(0.5079365079365079, 1.0, 0.7017543859649122)",RST2,0,Module 9,RST2
group_154,,"(0.38095238095238093, 1.0, 0.631578947368421)",RST2,0,Module 9,RST2
bppB,BB_N36,"(0.051948051948051945, 1.0, 0.3444976076555024)",RST2,0,Module 9,RST2
group_62,BB_R02,"(0.0, 1.0, 0.5491990846681921)",RST2,0,Module 9,RST2
group_696,,"(0.22857142857142854, 1.0, 0.44210526315789467)",RST2,0,Module 9,RST2
group_259,BB_O11,"(0.4523809523809524, 0.7916666666666666, 1.0)",RST3,0,Module 9,RST2
group_636,,"(0.0, 1.0, 0.8210526315789474)",RST2,0,Module 9,RST2
group_765,BB_H18,"(1.0, 1.0, 0.8421052631578947)",RST1,1,Module 10,RST2
group_1028,BB_M33,"(0.4444444444444444, 1.0, 0.5614035087719298)",RST2,0,Module 10,RST2
group_433,,"(0.07619047619047618, 1.0, 0.16842105263157894)",RST2,0,Module 10,RST2
group_370,BB_M27,"(0.9440993788819876, 1.0, 0.5491990846681921)",RST2,1,Module 10,RST2
group_685,,"(0.9714285714285714, 1.0, 0.5052631578947367)",RST2,0,Module 10,RST2
group_332,,"(0.6984126984126985, 1.0, 0.42105263157894735)",RST2,0,Module 10,RST2
group_132,BB_M06,"(1.0, 0.9583333333333334, 0.8947368421052632)",RST1,0,Module 10,RST2
group_276,,"(1.0, 0.9583333333333334, 0.8421052631578947)",RST1,0,Module 10,RST2
group_759,BB_H13,"(1.0, 1.0, 0.8421052631578947)",RST1,0,Module 10,RST2
group_726,,"(1.0, 1.0, 0.8421052631578947)",RST1,0,Module 10,RST2
group_1050,,"(0.9523809523809523, 1.0, 0.5789473684210527)",RST2,0,Module 10,RST2
group_855,BB_L34,"(0.5714285714285714, 1.0, 0.631578947368421)",RST2,0,Module 10,RST2
group_115,BB_M32,"(0.7619047619047619, 1.0, 0.3684210526315789)",RST2,0,Module 10,RST2
group_496,BB_P34,"(0.7619047619047619, 1.0, 0.3684210526315789)",RST2,0,Module 10,RST2
group_1026,BB_M32,"(0.4444444444444444, 1.0, 0.5614035087719298)",RST2,0,Module 10,RST2
group_581,BB_G05,"(0.9937888198757763, 1.0, 0.6041189931350115)",RST2,0,Module 10,RST2
cspZ,BB_H06,"(0.9523809523809523, 1.0, 0.47368421052631576)",RST2,1,Module 10,RST2
group_420,,"(0.9047619047619048, 1.0, 0.7894736842105263)",RST2,0,Module 10,RST2
group_512,,"(0.9440993788819876, 1.0, 0.16475972540045766)",RST2,0,Module 10,RST2
group_998,,"(1.0, 1.0, 0.7105263157894737)",RST1,0,Module 10,RST2
bdrO,BB_L35,"(0.5714285714285714, 1.0, 0.631578947368421)",RST2,0,Module 10,RST2
group_1102,BB_P39,"(0.0, 1.0, 0.3157894736842105)",RST2,1,Module 10,RST2
group_1169,BB_P33,"(0.7619047619047619, 1.0, 0.3684210526315789)",RST2,0,Module 10,RST2
group_700,BB_O39,"(0.0, 1.0, 0.49122807017543857)",RST2,1,Module 10,RST2
group_826,,"(0.09523809523809523, 1.0, 0.7368421052631579)",RST2,0,Module 10,RST2
group_930,BB_G29,"(0.0, 1.0, 0.0)",RST2,0,Module 10,RST2
group_574,BB_G30,"(0.0, 1.0, 0.0)",RST2,0,Module 10,RST2
group_877,BB_H09,"(0.0, 1.0, 0.0)",RST2,0,Module 10,RST2
group_897,BB_R24,"(0.0, 1.0, 0.0)",RST2,0,Module 10,RST2
group_938,BB_G31,"(0.0, 1.0, 0.0)",RST2,0,Module 10,RST2
group_1146,BB_F32,"(0.0, 1.0, 0.0)",RST2,0,Module 10,RST2
group_983,,"(0.0, 1.0, 0.0)",RST2,0,Module 10,RST2
group_204,,"(0.0, 1.0, 0.0)",RST2,0,Module 10,RST2
group_1319,BB_R42,"(0.0, 1.0, 0.0)",RST2,1,Module 10,RST2
group_981,BB_G32,"(0.0, 1.0, 0.0)",RST2,0,Module 10,RST2
group_793,,"(0.0, 0.59375, 1.0)",RST3,0,Module 10,RST2
group_720,,"(0.0, 1.0, 0.14035087719298245)",RST2,0,Module 10,RST2
group_749,,"(0.0, 1.0, 0.14035087719298245)",RST2,1,Module 10,RST2
group_27,BB_G01,"(0.06015037593984962, 1.0, 0.33240997229916897)",RST2,1,Module 10,RST2
group_607,BB_I0044%2CBB_I02,"(0.6984126984126985, 1.0, 0.2807017543859649)",RST2,0,Module 10,RST2
group_669,BB_G22,"(0.10884353741496598, 1.0, 0.5413533834586466)",RST2,0,Module 10,RST2
group_92,,"(0.10884353741496598, 1.0, 0.3007518796992481)",RST2,0,Module 10,RST2
group_158,BB_K52,"(0.4675324675324675, 1.0, 0.6315789473684211)",RST2,1,Module 10,RST2
group_1038,,"(0.20779220779220778, 1.0, 0.5741626794258373)",RST2,0,Module 10,RST2
group_523,BB_E09,"(0.19875776397515527, 1.0, 0.6590389016018307)",RST2,1,Module 10,RST2
tnpB,,"(0.20779220779220778, 1.0, 0.22966507177033493)",RST2,0,Module 10,RST2
group_1173,BB_H29,"(0.06349206349206349, 1.0, 0.7719298245614036)",RST2,0,Module 11,RST2
group_684,BB_G34,"(0.0, 1.0, 0.9022556390977442)",RST2,0,Module 11,RST2
group_196,BB_P41,"(0.5986394557823129, 1.0, 0.5413533834586466)",RST2,0,Module 11,RST2
yqaJ,,"(0.41558441558441556, 1.0, 0.5741626794258373)",RST2,0,Module 11,RST2
group_1012,BB_Q33,"(0.6031746031746031, 0.9236111111111113, 1.0)",RST3,0,Module 11,RST2
group_66,BB_Q15,"(0.8571428571428571, 1.0, 0.7368421052631579)",RST2,0,Module 11,RST2
group_530,,"(0.7142857142857143, 1.0, 0.47368421052631576)",RST2,0,Module 11,RST2
group_131,,"(0.7619047619047619, 1.0, 0.5263157894736842)",RST2,0,Module 11,RST2
group_305,,"(1.0, 1.0, 0.9473684210526315)",RST1,0,Module 11,RST2
group_921,BB_G26,"(0.06349206349206349, 1.0, 0.7719298245614036)",RST2,0,Module 11,RST2
insQ,BB_H40,"(1.0, 0.7368421052631579, 0.46537396121883656)",RST1,0,Module 11,RST2
group_426,,"(0.8571428571428571, 1.0, 0.7368421052631579)",RST2,0,Module 11,RST2
group_909,BB_G30,"(0.06349206349206349, 1.0, 0.7719298245614036)",RST2,0,Module 11,RST2
group_386,BB_G29,"(0.06349206349206349, 1.0, 0.7719298245614036)",RST2,0,Module 11,RST2
group_873,BB_G31,"(0.06349206349206349, 1.0, 0.7719298245614036)",RST2,0,Module 11,RST2
group_901,BB_G28,"(0.06349206349206349, 1.0, 0.7719298245614036)",RST2,0,Module 11,RST2
group_273,,"(0.0, 1.0, 0.0)",RST2,0,Module 11,RST2
group_1157,BB_G34,"(0.0, 0.5277777777777778, 1.0)",RST3,0,Module 11,RST2
group_8,,"(0.5194805194805194, 1.0, 0.6889952153110048)",RST2,0,Module 11,RST2
group_526,BB_P39,"(0.11428571428571427, 1.0, 0.2526315789473684)",RST2,1,Module 11,RST2
group_559,,"(0.0, 1.0, 0.0)",RST2,0,Module 11,RST2
mlpL,BB_P28,"(0.0, 1.0, 0.1263157894736842)",RST2,1,Module 11,RST2
group_253,BB_H26,"(0.06349206349206349, 1.0, 0.7719298245614036)",RST2,0,Module 11,RST2
group_471,BB_H28,"(0.06349206349206349, 1.0, 0.7719298245614036)",RST2,0,Module 11,RST2
group_852,BB_H27,"(0.06349206349206349, 1.0, 0.7719298245614036)",RST2,0,Module 11,RST2
group_22,BB_O40,"(0.0, 1.0, 0.1263157894736842)",RST2,1,Module 11,RST2
group_849,BB_F25,"(0.7619047619047619, 1.0, 0.8421052631578947)",RST2,0,Module 12,RST3
group_825,BB_K35,"(0.1292517006802721, 0.5654761904761906, 1.0)",RST3,0,Module 12,RST3
group_148,BB_F26,"(0.7619047619047619, 1.0, 0.8421052631578947)",RST2,0,Module 12,RST3
dcm,,"(0.7619047619047619, 1.0, 0.8421052631578947)",RST2,0,Module 12,RST3
group_514,BB_L32,"(0.7619047619047619, 1.0, 0.8421052631578947)",RST2,0,Module 12,RST3
group_518,,"(0.7619047619047619, 1.0, 0.8421052631578947)",RST2,0,Module 12,RST3
group_964,BB_T07,"(0.7619047619047619, 1.0, 0.8421052631578947)",RST2,0,Module 12,RST3
group_283,BB_G05,"(1.0, 0.875, 0.5526315789473685)",RST1,0,Module 12,RST3
group_146,,"(0.07142857142857142, 1.0, 0.47368421052631576)",RST2,0,Module 12,RST3
group_654,,"(0.6349206349206349, 1.0, 0.631578947368421)",RST2,0,Module 12,RST3
bppC1,,"(0.6031746031746031, 0.4398148148148149, 1.0)",RST3,0,Module 12,RST3
group_184,,"(0.6785714285714286, 0.6927083333333334, 1.0)",RST3,0,Module 12,RST3
group_1016,,"(0.5714285714285714, 1.0, 0.631578947368421)",RST2,0,Module 12,RST3
group_534,BB_S19,"(0.7999999999999999, 1.0, 0.631578947368421)",RST2,0,Module 12,RST3
group_1317,BB_0852,"(0.0, 0.0, 1.0)",RST3,0,Module 12,RST3
group_837,,"(0.7619047619047619, 1.0, 0.8421052631578947)",RST2,0,Module 12,RST3
group_1318,BB_0849b,"(0.0, 0.0, 1.0)",RST3,0,Module 12,RST3
group_1135,,"(0.25396825396825395, 1.0, 0.7017543859649122)",RST2,0,Module 12,RST3
group_944,BB_0733,"(0.0, 0.0, 1.0)",RST3,0,Module 12,RST3
group_650,BB_C06%2CBBC06,"(0.0, 0.0, 1.0)",RST3,0,Module 12,RST3
group_704,,"(0.2261904761904762, 0.0, 1.0)",RST3,0,Module 12,RST3
group_456,BB_Q08,"(0.0, 0.0, 1.0)",RST3,0,Module 12,RST3
group_220,BB_Q55,"(0.0, 0.0, 1.0)",RST3,0,Module 12,RST3
group_37,BB_G01,"(0.0, 0.0, 1.0)",RST3,1,Module 12,RST3
group_799,BB_Q07,"(0.0, 0.0, 1.0)",RST3,0,Module 12,RST3
group_965,,"(0.0, 0.0, 1.0)",RST3,1,Module 12,RST3
group_457,BB_M38,"(0.0, 0.0, 1.0)",RST3,1,Module 12,RST3
group_926,BB_G02,"(0.0, 0.0, 1.0)",RST3,0,Module 12,RST3
group_874,BB_Q09,"(0.0, 0.0, 1.0)",RST3,0,Module 12,RST3
group_1065,,"(1.0, 0.0, 0.8289473684210527)",RST1,0,Module 12,RST3
group_731,,"(0.20168067226890754, 1.0, 0.6687306501547987)",RST2,0,Module 12,RST3
group_85,BB_G32,"(0.25396825396825395, 1.0, 0.7017543859649122)",RST2,0,Module 12,RST3
group_911,BB_K52,"(0.0, 0.0, 1.0)",RST3,1,Module 12,RST3
group_950,BB_H09,"(0.0, 0.0, 1.0)",RST3,0,Module 12,RST3
group_939,BB_U09,"(0.0, 0.0, 1.0)",RST3,0,Module 12,RST3
group_480,,"(1.0, 0.43750000000000006, 0.22105263157894736)",RST1,0,Module 13,RST1
group_258,BB_Q19,"(1.0, 0.4583333333333333, 0.631578947368421)",RST1,0,Module 13,RST1
group_635,BB_S16,"(1.0, 0.2734375, 0.48355263157894735)",RST1,0,Module 13,RST1
group_660,BB_G18,"(1.0, 0.2916666666666667, 0.42105263157894735)",RST1,0,Module 13,RST1
group_210,BB_O20,"(1.0, 0.3888888888888889, 0.6754385964912282)",RST1,0,Module 13,RST1
group_178,,"(1.0, 0.8333333333333334, 0.7894736842105263)",RST1,0,Module 13,RST1
group_707,,"(1.0, 0.7437500000000001, 0.33157894736842103)",RST1,0,Module 13,RST1
group_240,,"(1.0, 0.2734375, 0.48355263157894735)",RST1,0,Module 13,RST1
group_163,,"(1.0, 0.7403846153846153, 0.340080971659919)",RST1,0,Module 13,RST1
group_711,BB_N42,"(1.0, 0.7777777777777778, 0.5526315789473685)",RST1,0,Module 13,RST1
mlpI,BB_N28,"(1.0, 0.20833333333333334, 0.10526315789473684)",RST1,1,Module 13,RST1
group_1070,BB_N19,"(1.0, 0.3602941176470588, 0.3900928792569659)",RST1,0,Module 13,RST1
group_807,,"(1.0, 0.4117647058823529, 0.0)",RST1,0,Module 13,RST1
group_1020,BB_M14,"(1.0, 0.1346153846153846, 0.340080971659919)",RST1,0,Module 13,RST1
group_676,BB_M30,"(1.0, 0.20588235294117646, 0.06501547987616099)",RST1,0,Module 13,RST1
group_624,BB_N01,"(1.0, 0.4375, 0.7982456140350878)",RST1,0,Module 13,RST1
bdrQ,BB_N34,"(1.0, 0.0, 0.0)",RST1,0,Module 13,RST1
group_286,BB_K02a,"(0.22857142857142854, 1.0, 0.0)",RST2,0,Module 13,RST1
group_334,,"(1.0, 0.0875, 0.6631578947368421)",RST1,0,Module 13,RST1
group_6,BB_O42,"(0.9047619047619048, 0.9895833333333335, 1.0)",RST3,0,Module 13,RST1
erpM,BB_O40,"(0.7619047619047619, 1.0, 0.42105263157894735)",RST2,1,Module 13,RST1
group_174,,"(1.0, 0.546875, 0.13815789473684212)",RST1,0,Module 13,RST1
group_121,BB_P32,"(1.0, 0.5833333333333334, 0.3684210526315789)",RST1,0,Module 13,RST1
group_270,BB_P33,"(1.0, 0.5833333333333334, 0.3684210526315789)",RST1,0,Module 13,RST1
bdrA,BB_P34,"(1.0, 0.5833333333333334, 0.3684210526315789)",RST1,0,Module 13,RST1
group_653,,"(0.8163265306122448, 1.0, 0.4511278195488721)",RST2,0,Module 13,RST1
group_1066,BB_S07,"(1.0, 0.0, 0.0)",RST1,0,Module 13,RST1
group_444,,"(0.9523809523809523, 1.0, 0.9473684210526315)",RST2,0,Module 13,RST1
group_1099,BB_N22,"(0.0, 1.0, 0.2526315789473684)",RST2,0,Module 14,RST2
group_321,,"(1.0, 0.9671052631578947, 0.9889196675900277)",RST1,0,Module 14,RST2
group_620,BB_Q35,"(0.7999999999999999, 1.0, 0.1894736842105263)",RST2,1,Module 14,RST2
group_544,BB_P28,"(0.9714285714285714, 1.0, 0.2526315789473684)",RST2,1,Module 14,RST2
group_999,,"(0.6722689075630252, 1.0, 0.14860681114551083)",RST2,0,Module 14,RST2
group_721,,"(0.935064935064935, 1.0, 0.9760765550239235)",RST2,0,Module 14,RST2
group_225,,"(0.19047619047619047, 1.0, 0.2807017543859649)",RST2,0,Module 14,RST2
group_1092,,"(0.42857142857142855, 1.0, 0.0)",RST2,0,Module 14,RST2
mlp8,BB_L28,"(0.21428571428571427, 1.0, 0.3157894736842105)",RST2,1,Module 14,RST2
group_487,,"(0.2857142857142857, 1.0, 0.0)",RST2,0,Module 14,RST2
group_1021,BB_P31,"(0.4571428571428571, 1.0, 0.3789473684210526)",RST2,0,Module 14,RST2
group_621,,"(0.18045112781954886, 1.0, 0.1329639889196676)",RST2,0,Module 14,RST2
mlp9,BB_Q35,"(0.38095238095238093, 1.0, 0.42105263157894735)",RST2,1,Module 14,RST2
group_489,,"(0.5333333333333333, 1.0, 0.3368421052631579)",RST2,0,Module 14,RST2
group_625,,"(0.30476190476190473, 1.0, 0.3368421052631579)",RST2,0,Module 14,RST2
group_1095,BB_N37,"(0.5333333333333333, 1.0, 0.3368421052631579)",RST2,0,Module 14,RST2
group_744,BB_F32,"(0.0, 1.0, 0.1329639889196676)",RST2,0,Module 14,RST2
group_630,,"(0.0, 1.0, 0.5983379501385041)",RST2,0,Module 14,RST2
group_4,BB_E02,"(0.0, 1.0, 0.15789473684210525)",RST2,0,Module 14,RST2
group_743,BB_F0041,"(0.0, 1.0, 0.15789473684210525)",RST2,0,Module 14,RST2
group_368,,"(0.5079365079365079, 1.0, 0.2807017543859649)",RST2,0,Module 14,RST2
group_702,,"(0.19047619047619047, 1.0, 0.14035087719298245)",RST2,0,Module 14,RST2
group_724,,"(1.0, 0.9210526315789475, 0.7562326869806094)",RST1,0,Module 14,RST2
group_360,BB_F23,"(1.0, 0.9187500000000001, 0.16578947368421051)",RST1,0,Module 14,RST2
group_98,,"(0.7142857142857143, 1.0, 0.39473684210526316)",RST2,0,Module 14,RST2
group_763,BB_F32,"(0.0, 1.0, 0.19433198380566802)",RST2,0,Module 14,RST2
group_449,BB_F24,"(1.0, 0.9187500000000001, 0.16578947368421051)",RST1,0,Module 14,RST2
group_359,BB_F25,"(1.0, 0.9187500000000001, 0.16578947368421051)",RST1,0,Module 14,RST2
group_1023,BB_S40,"(1.0, 0.8289473684210527, 0.5235457063711911)",RST1,0,Module 14,RST2
group_538,BB_F26,"(1.0, 0.9187500000000001, 0.16578947368421051)",RST1,0,Module 14,RST2
group_606,,"(1.0, 0.9671052631578947, 0.6980609418282548)",RST1,0,Module 14,RST2
adeC,BB_H33,"(0.9523809523809523, 1.0, 0.8421052631578947)",RST2,0,Module 14,RST2
group_339,BB_H37,"(0.9523809523809523, 1.0, 0.8421052631578947)",RST2,1,Module 14,RST2
group_108,BB_G24,"(0.9523809523809523, 1.0, 0.8421052631578947)",RST2,0,Module 14,RST2
group_961,,"(0.9523809523809523, 1.0, 0.8421052631578947)",RST2,0,Module 14,RST2
eppA,BB_S42,"(1.0, 0.9264705882352942, 0.4551083591331269)",RST1,0,Module 14,RST2
group_552,,"(1.0, 0.8333333333333334, 0.631578947368421)",RST1,0,Module 14,RST2
group_116,BB_R33,"(1.0, 0.9210526315789475, 0.6980609418282548)",RST1,0,Module 14,RST2
group_366,BB_Q51,"(0.9714285714285714, 1.0, 0.1894736842105263)",RST2,0,Module 14,RST2
group_565,,"(0.8831168831168832, 1.0, 0.5741626794258373)",RST2,0,Module 14,RST2
group_312,BB_O15,"(0.8791208791208791, 1.0, 0.4858299595141701)",RST2,0,Module 14,RST2
group_306,,"(0.8707482993197279, 1.0, 0.6616541353383459)",RST2,0,Module 14,RST2
group_439,,"(0.8421052631578947, 1.0, 0.9307479224376731)",RST2,0,Module 14,RST2
group_550,BB_O15,"(1.0, 0.9779411764705882, 0.7801857585139318)",RST1,0,Module 14,RST2
group_682,,"(0.9613095238095238, 0.9401041666666666, 1.0)",RST3,0,Module 14,RST2
group_1057,BB_U05,"(0.7142857142857143, 1.0, 0.23684210526315788)",RST2,0,Module 14,RST2
group_717,BB_O13,"(0.9904761904761905, 1.0, 0.0)",RST2,0,Module 14,RST2
group_1172,BB_R34,"(1.0, 0.9210526315789475, 0.6980609418282548)",RST1,0,Module 14,RST2
group_747,BB_F32,"(0.0, 1.0, 0.15789473684210525)",RST2,0,Module 14,RST2
group_1069,BB_P03,"(0.06349206349206349, 1.0, 0.0)",RST2,0,Module 14,RST2
group_769,BB_F32,"(0.0, 1.0, 0.16842105263157894)",RST2,0,Module 14,RST2
group_1105,BB_J34,"(0.0, 1.0, 0.2807017543859649)",RST2,1,Module 14,RST2
group_1078,BB_J23,"(0.0, 1.0, 0.2807017543859649)",RST2,0,Module 14,RST2
group_528,BB_J28,"(0.0, 1.0, 0.2807017543859649)",RST2,0,Module 14,RST2
group_415,BB_J24,"(0.0, 1.0, 0.2807017543859649)",RST2,0,Module 14,RST2
group_176,BB_J25,"(0.0, 1.0, 0.2807017543859649)",RST2,0,Module 14,RST2
group_111,BB_J27,"(0.0, 1.0, 0.2807017543859649)",RST2,0,Module 14,RST2
group_231,,"(0.0, 1.0, 0.0)",RST2,0,Module 14,RST2
group_761,BB_F32,"(0.0, 1.0, 0.22966507177033493)",RST2,0,Module 14,RST2
group_755,,"(0.0, 1.0, 0.3609022556390977)",RST2,0,Module 14,RST2
group_915,BB_F32,"(0.0, 1.0, 0.22966507177033493)",RST2,0,Module 14,RST2
group_482,BB_L32,"(0.07142857142857142, 1.0, 0.39473684210526316)",RST2,0,Module 14,RST2
group_1162,BB_U12,"(0.07142857142857142, 1.0, 0.39473684210526316)",RST2,0,Module 14,RST2
group_848,BB_F25,"(0.07142857142857142, 1.0, 0.39473684210526316)",RST2,0,Module 14,RST2
group_329,BB_H32,"(0.07142857142857142, 1.0, 0.39473684210526316)",RST2,1,Module 14,RST2
group_836,,"(0.07142857142857142, 1.0, 0.39473684210526316)",RST2,0,Module 14,RST2
group_147,BB_F26,"(0.07142857142857142, 1.0, 0.39473684210526316)",RST2,0,Module 14,RST2
group_313,BB_I39,"(0.07142857142857142, 1.0, 0.39473684210526316)",RST2,1,Module 14,RST2
group_1081,,"(0.0, 1.0, 0.16842105263157894)",RST2,0,Module 14,RST2
group_1036,,"(0.0, 1.0, 0.2807017543859649)",RST2,0,Module 14,RST2
group_1324,BB_0849b,"(0.0, 1.0, 0.0)",RST2,0,Module 14,RST2
elpB2,BB_O40,"(0.07619047619047618, 1.0, 0.16842105263157894)",RST2,1,Module 14,RST2
group_40,BB_Q31,"(0.0, 1.0, 0.0)",RST2,1,Module 14,RST2
group_885,BB_I26,"(0.0, 1.0, 0.0)",RST2,0,Module 14,RST2
lolD,BB_J26,"(0.0, 1.0, 0.2807017543859649)",RST2,0,Module 14,RST2
group_959,BB_U11,"(0.0, 1.0, 0.0)",RST2,0,Module 14,RST2
group_525,,"(0.0, 1.0, 0.24060150375939848)",RST2,0,Module 14,RST2
group_619,BB_J23,"(0.0, 1.0, 0.18045112781954886)",RST2,0,Module 14,RST2
group_662,BB_M01,"(0.057142857142857134, 1.0, 0.0)",RST2,0,Module 14,RST2
group_1114,,"(0.0, 1.0, 0.14860681114551083)",RST2,0,Module 14,RST2
group_979,BB_0844,"(0.0, 1.0, 0.0)",RST2,1,Module 14,RST2
group_1082,BB_O24,"(0.0, 1.0, 0.0)",RST2,1,Module 14,RST2
group_940,BB_U12,"(0.0, 1.0, 0.0)",RST2,0,Module 14,RST2
group_973,,"(0.0, 1.0, 0.12030075187969924)",RST2,0,Module 14,RST2
group_9,BB_0733,"(0.0, 1.0, 0.12030075187969924)",RST2,0,Module 14,RST2
group_1085,,"(0.0, 1.0, 0.14035087719298245)",RST2,0,Module 14,RST2
group_1083,BB_Q05,"(0.0, 1.0, 0.14035087719298245)",RST2,1,Module 14,RST2
group_1080,,"(0.0, 1.0, 0.0)",RST2,0,Module 14,RST2
group_488,BB_I26,"(0.0, 1.0, 0.14035087719298245)",RST2,0,Module 14,RST2
group_1104,BB_L20,"(0.0, 1.0, 0.0)",RST2,0,Module 14,RST2
group_840,BB_J16,"(0.0, 1.0, 0.42105263157894735)",RST2,0,Module 14,RST2
group_838,BB_J18,"(0.0, 1.0, 0.42105263157894735)",RST2,0,Module 14,RST2
group_197,BB_J19,"(0.0, 1.0, 0.42105263157894735)",RST2,0,Module 14,RST2
orfB,BB_G05,"(0.0, 1.0, 0.42105263157894735)",RST2,0,Module 14,RST2
group_513,BB_J17,"(0.0, 1.0, 0.42105263157894735)",RST2,0,Module 14,RST2
group_891,,"(0.0, 1.0, 0.0)",RST2,0,Module 14,RST2
group_102,BB_E09,"(0.0, 1.0, 0.14035087719298245)",RST2,0,Module 14,RST2
group_971,,"(0.0, 1.0, 0.0)",RST2,0,Module 14,RST2
group_495,,"(1.0, 0.04375, 0.3868421052631579)",RST1,0,Module 15,RST1
group_695,,"(1.0, 0.7875000000000001, 0.4421052631578947)",RST1,0,Module 15,RST1
group_475,,"(1.0, 0.525, 0.718421052631579)",RST1,0,Module 15,RST1
group_123,,"(1.0, 0.875, 0.7368421052631579)",RST1,0,Module 15,RST1
group_252,,"(0.9440993788819876, 1.0, 0.8787185354691075)",RST2,0,Module 15,RST1
revA,BB_C10%2CBBC10,"(1.0, 0.5833333333333334, 0.7368421052631579)",RST1,1,Module 15,RST1
group_296,,"(1.0, 0.46052631578947373, 0.407202216066482)",RST1,0,Module 15,RST1
group_1039,BB_F01,"(1.0, 0.3684210526315789, 0.5235457063711911)",RST1,1,Module 15,RST1
group_594,,"(1.0, 0.23026315789473686, 0.46537396121883656)",RST1,0,Module 15,RST1
group_548,,"(1.0, 0.35, 0.5526315789473685)",RST1,0,Module 15,RST1
group_228,BB_C06%2CBBC06,"(0.5428571428571428, 0.47500000000000003, 1.0)",RST3,0,Module 15,RST1
group_745,,"(1.0, 0.6691176470588235, 0.7801857585139318)",RST1,0,Module 15,RST1
erpH,,"(1.0, 0.506578947368421, 0.9307479224376731)",RST1,1,Module 15,RST1
erpK,BB_M38,"(1.0, 0.0, 0.7368421052631579)",RST1,1,Module 15,RST1
group_718,,"(1.0, 0.7291666666666667, 0.3684210526315789)",RST1,0,Module 15,RST1
group_467,,"(0.4523809523809524, 0.0, 1.0)",RST3,0,Module 15,RST1
group_768,,"(0.9047619047619048, 0.5277777777777778, 1.0)",RST3,0,Module 15,RST1
group_675,BB_I42,"(0.3619047619047619, 0.9500000000000001, 1.0)",RST3,1,Module 15,RST1
group_985,BB_K48,"(0.0, 0.0, 1.0)",RST3,1,Module 15,RST1
group_244,,"(1.0, 0.04375, 0.5526315789473685)",RST1,0,Module 15,RST1
group_1289,BB_A10,"(0.9523809523809523, 1.0, 1.0)",RST2,0,Module 16,RST2
group_1291,,"(0.9523809523809523, 1.0, 1.0)",RST2,1,Module 16,RST2
group_1292,BB_A41,"(0.9523809523809523, 1.0, 1.0)",RST2,0,Module 16,RST2
group_1293,BB_A60,"(0.9523809523809523, 1.0, 1.0)",RST2,0,Module 16,RST2
group_1294,BB_A54,"(0.9523809523809523, 1.0, 1.0)",RST2,0,Module 16,RST2
group_1295,BB_A49,"(0.9523809523809523, 1.0, 1.0)",RST2,0,Module 16,RST2
group_1296,BB_A44,"(0.9523809523809523, 1.0, 1.0)",RST2,0,Module 16,RST2
group_1266,BB_A65,"(0.9523809523809523, 1.0, 1.0)",RST2,1,Module 16,RST2
group_1298,BB_A51,"(0.9523809523809523, 1.0, 1.0)",RST2,0,Module 16,RST2
group_1299,BB_A61,"(0.9523809523809523, 1.0, 1.0)",RST2,0,Module 16,RST2
group_1288,BB_A46,"(0.9523809523809523, 1.0, 1.0)",RST2,0,Module 16,RST2
group_1283,BB_A07,"(0.9523809523809523, 1.0, 1.0)",RST2,1,Module 16,RST2
group_1265,BB_A64,"(0.9523809523809523, 1.0, 1.0)",RST2,1,Module 16,RST2
group_1275,BB_A40,"(0.9523809523809523, 1.0, 1.0)",RST2,0,Module 16,RST2
group_1263,BB_A62,"(0.9523809523809523, 1.0, 1.0)",RST2,1,Module 16,RST2
group_1297,BB_A47,"(0.9523809523809523, 1.0, 1.0)",RST2,0,Module 16,RST2
group_1287,BB_A43,"(0.9523809523809523, 1.0, 1.0)",RST2,0,Module 16,RST2
group_1267,BB_A22,"(0.9523809523809523, 1.0, 1.0)",RST2,0,Module 16,RST2
group_1282,BB_A37,"(0.9523809523809523, 1.0, 1.0)",RST2,0,Module 16,RST2
group_1264,BB_A66,"(0.9523809523809523, 1.0, 1.0)",RST2,0,Module 16,RST2
group_1031,BB_L37,"(0.9523809523809523, 1.0, 0.21052631578947367)",RST2,0,Module 16,RST2
group_1006,,"(1.0, 0.75, 0.7894736842105263)",RST1,0,Module 16,RST2
group_1281,BB_A33,"(0.9523809523809523, 1.0, 1.0)",RST2,1,Module 16,RST2
group_1280,BB_A59,"(0.9523809523809523, 1.0, 1.0)",RST2,1,Module 16,RST2
group_1279,BB_A36,"(0.9523809523809523, 1.0, 1.0)",RST2,1,Module 16,RST2
group_1278,BB_A50,"(0.9523809523809523, 1.0, 1.0)",RST2,0,Module 16,RST2
dbpA,BB_A24,"(0.9523809523809523, 1.0, 1.0)",RST2,1,Module 16,RST2
group_1277,BB_A13,"(0.9523809523809523, 1.0, 1.0)",RST2,0,Module 16,RST2
group_1274,BB_A53,"(0.9523809523809523, 1.0, 1.0)",RST2,0,Module 16,RST2
group_1273,BB_A12,"(0.9523809523809523, 1.0, 1.0)",RST2,0,Module 16,RST2
group_1272,BB_A52,"(0.9523809523809523, 1.0, 1.0)",RST2,0,Module 16,RST2
group_1270,BB_A45,"(0.9523809523809523, 1.0, 1.0)",RST2,0,Module 16,RST2
group_1269,BB_A19,"(0.9523809523809523, 1.0, 1.0)",RST2,0,Module 16,RST2
group_1276,BB_A18,"(0.9523809523809523, 1.0, 1.0)",RST2,0,Module 16,RST2
group_1285,BB_A03,"(0.9523809523809523, 1.0, 1.0)",RST2,1,Module 16,RST2
group_1241,BB_A31,"(0.9523809523809523, 1.0, 1.0)",RST2,0,Module 16,RST2
group_1248,BB_A30,"(0.9523809523809523, 1.0, 1.0)",RST2,0,Module 16,RST2
group_1243,BB_A14,"(0.9523809523809523, 1.0, 1.0)",RST2,1,Module 16,RST2
group_1112,,"(0.9523809523809523, 1.0, 0.42105263157894735)",RST2,0,Module 16,RST2
group_601,,"(1.0, 0.8020833333333334, 0.8289473684210527)",RST1,0,Module 16,RST2
group_680,,"(1.0, 0.7954545454545454, 0.7033492822966506)",RST1,0,Module 16,RST2
cdsA~~~cdsC,BB_Q88,"(0.9047619047619048, 1.0, 0.9473684210526315)",RST2,1,Module 16,RST2
group_545,,"(0.47619047619047616, 1.0, 0.5263157894736842)",RST2,0,Module 16,RST2
group_600,,"(1.0, 0.328125, 0.5526315789473685)",RST1,0,Module 16,RST2
group_1111,BB_L31,"(0.7619047619047619, 1.0, 0.42105263157894735)",RST2,0,Module 16,RST2
group_1160,,"(0.0, 1.0, 0.10526315789473684)",RST2,0,Module 16,RST2
group_1042,BB_G19,"(0.9047619047619048, 0.7916666666666666, 1.0)",RST3,0,Module 16,RST2
erpA~~~ospE~~~erpC,,"(0.5428571428571428, 0.6333333333333333, 1.0)",RST3,1,Module 16,RST2
group_230,,"(0.0, 1.0, 0.5052631578947367)",RST2,0,Module 16,RST2
group_5,BB_H09,"(0.2261904761904762, 0.0, 1.0)",RST3,0,Module 16,RST2
group_688,,"(0.0, 0.47500000000000003, 1.0)",RST3,0,Module 16,RST2
group_582,BB_C06%2CBBC06,"(0.0, 0.7916666666666666, 1.0)",RST3,0,Module 16,RST2
group_468,,"(0.0, 0.7916666666666666, 1.0)",RST3,0,Module 16,RST2
group_1249,BB_A05,"(0.9523809523809523, 1.0, 1.0)",RST2,1,Module 16,RST2
group_1255,BB_A38,"(0.9523809523809523, 1.0, 1.0)",RST2,0,Module 16,RST2
group_1090,BB_L38,"(1.0, 0.4375, 0.18421052631578946)",RST1,0,Module 16,RST2
group_1251,BB_A57,"(0.9523809523809523, 1.0, 1.0)",RST2,1,Module 16,RST2
ospA,BB_A15,"(0.9523809523809523, 1.0, 1.0)",RST2,1,Module 16,RST2
group_1244,BB_A55,"(0.9523809523809523, 1.0, 1.0)",RST2,0,Module 16,RST2
dbpB,BB_A25,"(0.9523809523809523, 1.0, 1.0)",RST2,1,Module 16,RST2
group_1245,BB_A56,"(0.9523809523809523, 1.0, 1.0)",RST2,0,Module 16,RST2
group_1250,BB_A68,"(0.9523809523809523, 1.0, 1.0)",RST2,1,Module 16,RST2
group_1242,BB_A09,"(0.9523809523809523, 1.0, 1.0)",RST2,0,Module 16,RST2
group_1247,BB_A34,"(0.9523809523809523, 1.0, 1.0)",RST2,1,Module 16,RST2
group_1260,BB_A39,"(0.9523809523809523, 1.0, 1.0)",RST2,0,Module 16,RST2
group_1246,BB_A04,"(0.9523809523809523, 1.0, 1.0)",RST2,1,Module 16,RST2
group_1257,BB_A20,"(0.9523809523809523, 1.0, 1.0)",RST2,0,Module 16,RST2
group_1256,BB_A08,"(0.9523809523809523, 1.0, 1.0)",RST2,0,Module 16,RST2
group_1258,BB_A23,"(0.9523809523809523, 1.0, 1.0)",RST2,0,Module 16,RST2
group_1262,BB_A42,"(0.9523809523809523, 1.0, 1.0)",RST2,0,Module 16,RST2
group_1254,BB_A21,"(0.9523809523809523, 1.0, 1.0)",RST2,0,Module 16,RST2
group_1253,BB_A48,"(0.9523809523809523, 1.0, 1.0)",RST2,0,Module 16,RST2
group_1259,BB_A11,"(0.9523809523809523, 1.0, 1.0)",RST2,0,Module 16,RST2
group_476,,"(1.0, 0.546875, 0.06907894736842106)",RST1,0,Module 17,RST1
group_424,,"(1.0, 0.9583333333333334, 0.631578947368421)",RST1,0,Module 17,RST1
group_1001,,"(1.0, 0.8203125, 0.48355263157894735)",RST1,0,Module 17,RST1
bdrH~~~repU~~~bdrW,BB_Q34,"(1.0, 0.9722222222222223, 0.9210526315789475)",RST1,0,Module 17,RST1
group_1071,,"(1.0, 0.75, 0.3157894736842105)",RST1,0,Module 17,RST1
group_234,BB_S27,"(1.0, 0.6907894736842105, 0.7562326869806094)",RST1,0,Module 17,RST1
group_473,,"(1.0, 0.7083333333333334, 0.05263157894736842)",RST1,0,Module 17,RST1
group_689,,"(0.7619047619047619, 1.0, 0.6736842105263158)",RST2,0,Module 17,RST1
group_470,BB_N05,"(1.0, 0.4375, 0.6140350877192983)",RST1,0,Module 17,RST1
group_192,,"(1.0, 1.0, 0.7368421052631579)",RST1,0,Module 17,RST1
group_133,BB_Q12,"(1.0, 0.4375, 0.4144736842105263)",RST1,0,Module 17,RST1
group_1072,,"(0.7619047619047619, 1.0, 0.42105263157894735)",RST2,0,Module 17,RST1
group_735,,"(1.0, 0.7875000000000001, 0.16578947368421051)",RST1,0,Module 17,RST1
group_337,,"(1.0, 0.3977272727272727, 0.10047846889952151)",RST1,0,Module 17,RST1
group_966,BB_S09,"(1.0, 0.0, 0.22105263157894736)",RST1,0,Module 17,RST1
group_355,BB_0143,"(0.9047619047619048, 1.0, 0.631578947368421)",RST2,0,Module 17,RST1
group_303,BB_Q03,"(0.6050420168067226, 1.0, 0.5944272445820433)",RST2,1,Module 17,RST1
group_248,BB_R37,"(1.0, 0.23863636363636362, 0.7033492822966506)",RST1,0,Module 17,RST1
group_1198,BB_B17,"(0.0, 1.0, 0.631578947368421)",RST2,0,Module 17,RST1
erpD,,"(1.0, 0.1875, 0.15789473684210525)",RST1,1,Module 17,RST1
group_381,,"(1.0, 0.875, 0.5526315789473685)",RST1,0,Module 18,RST2
group_423,,"(0.9142857142857141, 1.0, 0.8210526315789474)",RST2,0,Module 18,RST2
group_195,,"(0.9142857142857141, 1.0, 0.5052631578947367)",RST2,0,Module 18,RST2
group_602,,"(1.0, 0.9583333333333334, 0.631578947368421)",RST1,0,Module 18,RST2
group_14,BB_S35,"(1.0, 0.8289473684210527, 0.5817174515235457)",RST1,0,Module 18,RST2
group_1011,,"(1.0, 0.8750000000000001, 0.6631578947368421)",RST1,0,Module 18,RST2
bppA,,"(1.0, 0.7291666666666667, 0.30701754385964913)",RST1,0,Module 18,RST2
group_396,BB_H09,"(0.9523809523809523, 1.0, 0.7368421052631579)",RST2,0,Module 18,RST2
group_245,,"(0.8831168831168832, 1.0, 0.6889952153110048)",RST2,0,Module 18,RST2
group_511,,"(1.0, 0.9236111111111112, 0.8596491228070176)",RST1,0,Module 18,RST2
mlpH,,"(0.6530612244897959, 1.0, 0.0)",RST2,1,Module 18,RST2
group_1010,,"(1.0, 0.8750000000000001, 0.5526315789473685)",RST1,0,Module 18,RST2
group_870,BB_S36,"(1.0, 0.8289473684210527, 0.5817174515235457)",RST1,0,Module 18,RST2
group_336,,"(0.9937888198757763, 1.0, 0.8237986270022883)",RST2,0,Module 18,RST2
group_609,,"(0.9795918367346937, 1.0, 0.8120300751879699)",RST2,0,Module 18,RST2
group_699,,"(0.6857142857142856, 1.0, 0.0)",RST2,0,Module 18,RST2
group_118,BB_S02,"(0.6666666666666666, 1.0, 0.10526315789473684)",RST2,0,Module 18,RST2
group_762,BB_F32,"(0.0, 1.0, 0.0)",RST2,0,Module 18,RST2
group_1320,BB_O36,"(0.0, 1.0, 0.0)",RST2,0,Module 18,RST2
group_770,BB_F32,"(0.0, 1.0, 0.0)",RST2,0,Module 18,RST2
group_771,BB_F0041,"(0.0, 1.0, 0.0)",RST2,1,Module 18,RST2
group_486,,"(0.5194805194805194, 1.0, 0.5741626794258373)",RST2,0,Module 18,RST2
group_694,BB_F32,"(0.0, 1.0, 0.0)",RST2,0,Module 18,RST2
group_918,BB_F0041,"(0.0, 1.0, 0.0)",RST2,0,Module 18,RST2
group_416,,"(1.0, 0.9671052631578947, 0.8725761772853186)",RST1,0,Module 18,RST2
group_1101,,"(0.0, 1.0, 0.0)",RST2,0,Module 18,RST2
mlpF~~~mlpH~~~mlpA,,"(0.6050420168067226, 1.0, 0.6687306501547987)",RST2,1,Module 18,RST2
group_152,,"(1.0, 0.8203125, 0.4144736842105263)",RST1,0,Module 18,RST2
group_760,BB_F32,"(0.0, 1.0, 0.0)",RST2,0,Module 18,RST2
group_1075,BB_H41,"(1.0, 0.0546875, 0.0)",RST1,0,Module 19,RST1
group_519,,"(1.0, 0.0, 0.8289473684210527)",RST1,0,Module 19,RST1
group_185,,"(1.0, 0.48611111111111116, 0.3684210526315789)",RST1,0,Module 19,RST1
group_506,,"(1.0, 0.5416666666666666, 0.7894736842105263)",RST1,0,Module 19,RST1
group_627,,"(1.0, 0.4583333333333333, 0.2631578947368421)",RST1,0,Module 19,RST1
group_354,,"(1.0, 0.2734375, 0.27631578947368424)",RST1,0,Module 19,RST1
group_1000,BB_N24,"(1.0, 0.43750000000000006, 0.16578947368421051)",RST1,0,Module 19,RST1
group_153,,"(1.0, 0.35, 0.14736842105263157)",RST1,0,Module 19,RST1
group_472,BB_M18,"(1.0, 0.7, 0.5894736842105263)",RST1,0,Module 19,RST1
group_194,,"(1.0, 0.19444444444444445, 0.3684210526315789)",RST1,0,Module 19,RST1
group_993,BB_S09,"(1.0, 0.56875, 0.33157894736842103)",RST1,0,Module 19,RST1
group_307,,"(1.0, 0.0, 0.33157894736842103)",RST1,0,Module 19,RST1
group_556,,"(1.0, 0.65625, 0.6631578947368421)",RST1,0,Module 19,RST1
group_394,,"(1.0, 0.5625, 0.39473684210526316)",RST1,0,Module 19,RST1
yeeA,,"(1.0, 0.0, 0.8289473684210527)",RST1,0,Module 19,RST1
group_527,,"(1.0, 0.7291666666666667, 0.49122807017543857)",RST1,0,Module 19,RST1
group_452,,"(1.0, 0.1381578947368421, 0.7562326869806094)",RST1,0,Module 19,RST1
group_434,,"(1.0, 0.8289473684210527, 0.814404432132964)",RST1,0,Module 19,RST1
group_994,BB_O13,"(1.0, 0.14583333333333334, 0.3684210526315789)",RST1,0,Module 19,RST1
group_38,,"(0.0, 0.0, 0.0)",Equal,0,Module 19,RST1
group_1305,BB_F32,"(0.0, 0.0, 0.0)",Equal,0,Module 19,RST1
group_795,BB_Q41,"(1.0, 0.19444444444444445, 0.6754385964912282)",RST1,0,Module 19,RST1
group_794,BB_Q40,"(1.0, 0.19444444444444445, 0.6754385964912282)",RST1,0,Module 19,RST1
group_343,,"(1.0, 0.14583333333333334, 0.5526315789473685)",RST1,0,Module 19,RST1
group_15,,"(1.0, 0.125, 0.6842105263157895)",RST1,0,Module 19,RST1
group_960,BB_K54,"(1.0, 0.125, 0.6842105263157895)",RST1,0,Module 19,RST1
group_215,BB_M29,"(1.0, 0.7828947368421053, 0.7562326869806094)",RST1,0,Module 19,RST1
yjhX,BB_Q49,"(0.0, 0.0, 0.0)",Equal,0,Module 19,RST1
group_406,,"(1.0, 0.35, 0.5526315789473685)",RST1,0,Module 19,RST1
group_995,BB_R23,"(1.0, 0.5416666666666666, 0.631578947368421)",RST1,0,Module 19,RST1
group_804,,"(1.0, 0.8125, 0.631578947368421)",RST1,0,Module 19,RST1
group_516,,"(1.0, 0.33653846153846156, 0.5951417004048583)",RST1,0,Module 19,RST1
group_1145,BB_N31,"(1.0, 0.625, 0.42105263157894735)",RST1,0,Module 19,RST1
group_663,,"(1.0, 0.25, 0.5263157894736842)",RST1,0,Module 19,RST1
group_748,,"(1.0, 0.5416666666666666, 0.631578947368421)",RST1,0,Module 19,RST1
group_1108,BB_M39,"(1.0, 0.0, 0.3684210526315789)",RST1,0,Module 19,RST1
group_558,,"(1.0, 1.0, 0.8947368421052632)",RST1,0,Module 20,RST1
group_183,,"(1.0, 0.65625, 0.6078947368421054)",RST1,0,Module 20,RST1
group_640,,"(0.9937888198757763, 1.0, 0.6041189931350115)",RST2,0,Module 20,RST1
group_555,,"(1.0, 0.7205882352941176, 0.26006191950464397)",RST1,0,Module 20,RST1
group_560,,"(1.0, 0.9375, 0.7105263157894737)",RST1,0,Module 20,RST1
bdrH,BB_R27,"(1.0, 0.6907894736842105, 0.6398891966759003)",RST1,0,Module 20,RST1
group_1008,,"(1.0, 0.83125, 0.8842105263157894)",RST1,0,Module 20,RST1
mlp10~~~mlpH~~~mlpD,BB_L28,"(1.0, 0.7828947368421053, 0.5817174515235457)",RST1,1,Module 20,RST1
group_438,,"(1.0, 0.7828947368421053, 0.29085872576177285)",RST1,0,Module 20,RST1
group_681,,"(1.0, 0.9779411764705882, 0.32507739938080493)",RST1,0,Module 20,RST1
group_1005,BB_R25,"(1.0, 0.8203125, 0.7598684210526316)",RST1,0,Module 20,RST1
group_99,BB_N12,"(1.0, 1.0, 0.8421052631578947)",RST1,0,Module 20,RST1
group_943,BB_C07%2CBBC07,"(1.0, 0.43750000000000006, 0.11052631578947368)",RST1,0,Module 20,RST1
group_604,,"(1.0, 0.7291666666666667, 0.18421052631578946)",RST1,0,Module 20,RST1
group_388,BB_O29,"(1.0, 0.75, 0.47368421052631576)",RST1,0,Module 20,RST1
group_508,,"(1.0, 0.9671052631578947, 0.5235457063711911)",RST1,0,Module 20,RST1
group_714,,"(1.0, 0.525, 0.5526315789473685)",RST1,0,Module 20,RST1
group_797,,"(1.0, 0.875, 0.47368421052631576)",RST1,0,Module 20,RST1
group_1315,BB_O40,"(0.0, 1.0, 0.0)",RST2,1,Module 20,RST1
group_1312,BB_R04,"(0.0, 1.0, 0.0)",RST2,0,Module 20,RST1
group_1311,BB_M03,"(0.0, 1.0, 0.0)",RST2,0,Module 20,RST1
group_1113,BB_U02,"(0.0, 1.0, 0.0)",RST2,0,Module 20,RST1
group_124,BB_P32,"(1.0, 0.875, 0.9889196675900277)",RST1,0,Module 20,RST1
group_340,BB_R35,"(1.0, 0.875, 0.9889196675900277)",RST1,0,Module 20,RST1
group_13,BB_S36,"(1.0, 0.875, 0.9889196675900277)",RST1,0,Module 20,RST1
group_719,BB_L35,"(1.0, 0.65625, 0.7736842105263158)",RST1,0,Module 20,RST1
group_379,BB_N33,"(1.0, 0.625, 0.5263157894736842)",RST1,0,Module 20,RST1
group_474,BB_N32,"(1.0, 0.625, 0.5263157894736842)",RST1,0,Module 20,RST1
group_690,BB_R44,"(1.0, 0.8333333333333334, 0.8421052631578947)",RST1,0,Module 20,RST1
group_547,BB_N30,"(1.0, 0.8333333333333334, 0.5263157894736842)",RST1,0,Module 20,RST1
group_1003,,"(1.0, 0.5833333333333334, 0.7894736842105263)",RST1,0,Module 20,RST1
cdsC,BB_Q88,"(1.0, 0.0, 0.0)",RST1,0,Module 21,RST1
group_928,BB_Q80,"(1.0, 0.0, 0.0)",RST1,0,Module 21,RST1
group_917,BB_Q57,"(1.0, 0.0, 0.0)",RST1,0,Module 21,RST1
group_68,BB_R11,"(1.0, 0.14583333333333334, 0.0)",RST1,0,Module 21,RST1
group_945,,"(1.0, 0.0, 0.0)",RST1,0,Module 21,RST1
group_1234,,"(1.0, 0.109375, 0.20723684210526316)",RST1,0,Module 21,RST1
group_775,,"(1.0, 0.30625, 0.718421052631579)",RST1,0,Module 21,RST1
group_562,,"(1.0, 0.4166666666666667, 0.5789473684210527)",RST1,0,Module 21,RST1
group_1217,BB_J29,"(1.0, 0.1640625, 0.5526315789473685)",RST1,0,Module 21,RST1
group_1228,BB_J45,"(1.0, 0.1640625, 0.5526315789473685)",RST1,0,Module 21,RST1
group_808,,"(1.0, 0.65625, 0.6631578947368421)",RST1,0,Module 21,RST1
group_1220,,"(1.0, 0.1640625, 0.4144736842105263)",RST1,1,Module 21,RST1
group_947,,"(1.0, 0.0, 0.0)",RST1,0,Module 21,RST1
group_3,BB_G06,"(1.0, 0.0, 0.3868421052631579)",RST1,0,Module 21,RST1
group_1290,BB_A70,"(1.0, 0.13125, 0.0)",RST1,1,Module 21,RST1
group_954,BB_Q65,"(1.0, 0.0, 0.0)",RST1,0,Module 21,RST1
group_10,BB_Q67,"(1.0, 0.0, 0.0)",RST1,0,Module 21,RST1
group_977,,"(1.0, 0.0, 0.0)",RST1,0,Module 21,RST1
group_437,BB_G08,"(1.0, 0.0, 0.3868421052631579)",RST1,0,Module 21,RST1
group_32,BB_Q54,"(1.0, 0.0, 0.0)",RST1,0,Module 21,RST1
group_318,,"(1.0, 0.23026315789473686, 0.3490304709141274)",RST1,0,Module 21,RST1
group_1144,BB_K01,"(1.0, 0.0, 0.0)",RST1,1,Module 21,RST1
group_595,BB_P22,"(1.0, 0.5833333333333334, 0.631578947368421)",RST1,0,Module 21,RST1
group_378,BB_Q55,"(1.0, 0.0, 0.0)",RST1,0,Module 21,RST1
erpY,BB_R42,"(1.0, 0.0, 0.05817174515235457)",RST1,1,Module 21,RST1
group_529,,"(1.0, 0.2692307692307692, 0.0)",RST1,0,Module 21,RST1
group_483,BB_Q05,"(1.0, 0.0, 0.0)",RST1,1,Module 21,RST1
group_458,BB_Q08,"(1.0, 0.0, 0.0)",RST1,0,Module 21,RST1
group_875,BB_Q09,"(1.0, 0.0, 0.0)",RST1,0,Module 21,RST1
group_1094,BB_S41,"(1.0, 0.0, 0.0)",RST1,1,Module 21,RST1
group_887,BB_Q59,"(1.0, 0.0, 0.0)",RST1,0,Module 21,RST1
group_1175,BB_Q06,"(1.0, 0.0, 0.0)",RST1,0,Module 21,RST1
group_1168,BB_Q07,"(1.0, 0.0, 0.0)",RST1,0,Module 21,RST1
group_963,BB_Q80,"(1.0, 0.0, 0.0)",RST1,1,Module 21,RST1
group_846,BB_G07,"(1.0, 0.0, 0.3868421052631579)",RST1,0,Module 21,RST1
group_402,,"(1.0, 0.48611111111111116, 0.5526315789473685)",RST1,0,Module 21,RST1
group_1216,BB_J41,"(1.0, 0.1640625, 0.34539473684210525)",RST1,1,Module 21,RST1
group_1076,,"(1.0, 0.0, 0.0)",RST1,0,Module 21,RST1
group_1074,BB_L26,"(1.0, 0.0, 0.0)",RST1,0,Module 21,RST1
group_199,BB_G10,"(1.0, 0.0875, 0.6078947368421054)",RST1,0,Module 21,RST1
group_521,BB_N02,"(1.0, 0.18421052631578946, 0.1745152354570637)",RST1,0,Module 21,RST1
group_567,,"(1.0, 0.7583333333333333, 0.5157894736842105)",RST1,0,Module 21,RST1
group_739,BB_M02,"(1.0, 0.7437500000000001, 0.3868421052631579)",RST1,0,Module 21,RST1
group_275,,"(1.0, 0.6730769230769231, 0.42510121457489874)",RST1,0,Module 21,RST1
group_328,BB_O13,"(1.0, 0.5661764705882353, 0.6501547987616099)",RST1,0,Module 21,RST1
group_281,,"(1.0, 0.4375, 0.3684210526315789)",RST1,0,Module 21,RST1
group_277,,"(1.0, 0.5347222222222222, 0.6140350877192983)",RST1,0,Module 21,RST1
group_422,,"(1.0, 0.6015625, 0.34539473684210525)",RST1,0,Module 21,RST1
group_566,,"(1.0, 0.6125, 0.4421052631578947)",RST1,0,Module 21,RST1
group_996,,"(1.0, 0.375, 0.15789473684210525)",RST1,0,Module 21,RST1
group_344,BB_R41,"(1.0, 0.0, 0.0)",RST1,0,Module 21,RST1
xtmB,,"(1.0, 0.7403846153846153, 0.42510121457489874)",RST1,0,Module 21,RST1
group_290,,"(1.0, 0.3684210526315789, 0.7562326869806094)",RST1,0,Module 21,RST1
group_1236,,"(1.0, 0.1640625, 0.20723684210526316)",RST1,0,Module 21,RST1
group_494,BB_Q47,"(1.0, 0.3088235294117647, 0.3900928792569659)",RST1,1,Module 21,RST1
group_1233,,"(1.0, 0.1640625, 0.48355263157894735)",RST1,0,Module 21,RST1
group_109,BB_Q49,"(1.0, 0.0, 0.32507739938080493)",RST1,0,Module 21,RST1
group_377,,"(1.0, 0.23026315789473686, 0.11634349030470914)",RST1,0,Module 21,RST1
group_991,,"(1.0, 0.21875, 0.3684210526315789)",RST1,0,Module 21,RST1
group_207,BB_O29,"(1.0, 0.21875, 0.0)",RST1,0,Module 21,RST1
yqaJ~~~bppA,BB_N35,"(1.0, 0.04375, 0.27631578947368424)",RST1,0,Module 21,RST1
group_232,,"(1.0, 0.18421052631578946, 0.6980609418282548)",RST1,0,Module 21,RST1
group_97,BB_I36,"(1.0, 0.0, 0.0)",RST1,1,Module 21,RST1
group_716,,"(1.0, 0.34027777777777785, 0.6140350877192983)",RST1,0,Module 21,RST1
group_569,,"(1.0, 0.2763157894736842, 0.407202216066482)",RST1,0,Module 21,RST1
group_1149,BB_Q48,"(1.0, 0.2573529411764706, 0.3900928792569659)",RST1,0,Module 21,RST1
group_628,,"(1.0, 0.31250000000000006, 0.3157894736842105)",RST1,0,Module 21,RST1
group_1017,BB_M21,"(1.0, 0.36458333333333337, 0.09210526315789473)",RST1,0,Module 21,RST1
group_658,,"(1.0, 0.4632352941176471, 0.4551083591331269)",RST1,0,Module 21,RST1
group_827,,"(1.0, 0.2625, 0.11052631578947368)",RST1,0,Module 21,RST1
group_1167,BB_G09,"(1.0, 0.0, 0.3868421052631579)",RST1,0,Module 21,RST1
group_1219,BB_J08,"(1.0, 0.1640625, 0.6217105263157895)",RST1,0,Module 21,RST1
group_949,BB_Q67,"(1.0, 0.0, 0.33157894736842103)",RST1,0,Module 21,RST1
group_1222,BB_J23,"(1.0, 0.1640625, 0.6217105263157895)",RST1,0,Module 21,RST1
group_126,,"(1.0, 0.0, 0.05263157894736842)",RST1,0,Module 21,RST1
group_52,BB_K39,"(1.0, 0.0, 0.05263157894736842)",RST1,0,Module 21,RST1
group_48,BB_K37,"(1.0, 0.0, 0.05263157894736842)",RST1,0,Module 21,RST1
group_957,BB_K42,"(1.0, 0.0, 0.05263157894736842)",RST1,0,Module 21,RST1
group_969,BB_K0058,"(1.0, 0.0, 0.05263157894736842)",RST1,0,Module 21,RST1
group_868,BB_K41,"(1.0, 0.0, 0.05263157894736842)",RST1,0,Module 21,RST1
group_239,BB_K40,"(1.0, 0.0, 0.05263157894736842)",RST1,0,Module 21,RST1
group_706,,"(1.0, 0.0, 0.0)",RST1,0,Module 21,RST1
group_758,,"(1.0, 0.046052631578947366, 0.05817174515235457)",RST1,0,Module 21,RST1
group_477,BB_P25,"(1.0, 0.175, 0.0)",RST1,0,Module 21,RST1
group_1148,,"(1.0, 0.125, 0.5789473684210527)",RST1,0,Module 21,RST1
bdrR,BB_N27,"(1.0, 0.0, 0.0)",RST1,0,Module 21,RST1
group_883,BB_N41,"(1.0, 0.0, 0.0)",RST1,0,Module 21,RST1
group_59,BB_K46,"(1.0, 0.0, 0.21052631578947367)",RST1,1,Module 21,RST1
group_942,,"(1.0, 0.0, 0.0)",RST1,0,Module 21,RST1
group_44,,"(1.0, 0.0, 0.05263157894736842)",RST1,0,Module 21,RST1
group_454,,"(1.0, 0.125, 0.15789473684210525)",RST1,0,Module 21,RST1
erpA,BB_P38,"(1.0, 0.65625, 0.0)",RST1,1,Module 21,RST1
group_1088,,"(0.9047619047619048, 0.0, 1.0)",RST3,0,Module 21,RST1
group_1307,BB_0295,"(0.0, 0.0, 0.0)",Equal,0,Module 21,RST1
aph3Ia,,"(0.0, 0.0, 0.0)",Equal,0,Module 21,RST1
group_1309,BB_0295,"(0.0, 0.0, 0.0)",Equal,0,Module 21,RST1
group_1308,,"(0.0, 0.0, 0.0)",Equal,0,Module 21,RST1
group_1306,BB_0149,"(0.0, 0.0, 0.0)",Equal,0,Module 21,RST1
aac3Ia,,"(0.0, 0.0, 0.0)",Equal,0,Module 21,RST1
group_962,BB_Q04,"(1.0, 0.0, 0.0)",RST1,0,Module 21,RST1
group_746,BB_O44,"(1.0, 0.0, 0.6754385964912282)",RST1,0,Module 21,RST1
cdsE,BB_D05a,"(1.0, 0.0, 0.3684210526315789)",RST1,0,Module 21,RST1
group_1182,BB_D0027,"(1.0, 0.0, 0.3684210526315789)",RST1,0,Module 21,RST1
erpC,BB_P39,"(1.0, 0.525, 0.8842105263157894)",RST1,1,Module 21,RST1
group_687,,"(1.0, 0.0, 0.0)",RST1,0,Module 21,RST1
group_778,,"(1.0, 0.0546875, 0.7598684210526316)",RST1,0,Module 21,RST1
group_551,BB_N02,"(1.0, 0.0, 0.5526315789473685)",RST1,0,Module 21,RST1
group_125,BB_K47,"(1.0, 0.0, 0.21052631578947367)",RST1,0,Module 21,RST1
group_128,BB_K45,"(1.0, 0.0, 0.21052631578947367)",RST1,1,Module 21,RST1
lolC,BB_J27,"(1.0, 0.1640625, 0.6217105263157895)",RST1,0,Module 21,RST1
mlpC,,"(1.0, 0.23026315789473686, 0.8725761772853186)",RST1,1,Module 21,RST1
group_1212,BB_J10,"(1.0, 0.1640625, 0.6217105263157895)",RST1,0,Module 21,RST1
group_1208,,"(1.0, 0.1640625, 0.6217105263157895)",RST1,0,Module 21,RST1
group_1214,BB_J25,"(1.0, 0.1640625, 0.6217105263157895)",RST1,0,Module 21,RST1
group_1226,BB_J13,"(1.0, 0.1640625, 0.6217105263157895)",RST1,0,Module 21,RST1
group_1239,BB_J48,"(1.0, 0.1640625, 0.6217105263157895)",RST1,0,Module 21,RST1
group_1237,BB_J47,"(1.0, 0.1640625, 0.6217105263157895)",RST1,1,Module 21,RST1
group_1232,BB_J28,"(1.0, 0.1640625, 0.6217105263157895)",RST1,0,Module 21,RST1
group_1230,BB_J36,"(1.0, 0.1640625, 0.6217105263157895)",RST1,1,Module 21,RST1
group_1227,BB_J16,"(1.0, 0.1640625, 0.6217105263157895)",RST1,0,Module 21,RST1
group_1231,,"(1.0, 0.1640625, 0.6217105263157895)",RST1,1,Module 21,RST1
ospD,BB_J09,"(1.0, 0.1640625, 0.6217105263157895)",RST1,1,Module 21,RST1
group_1225,BB_J17,"(1.0, 0.1640625, 0.6217105263157895)",RST1,0,Module 21,RST1
group_1224,BB_J26,"(1.0, 0.1640625, 0.6217105263157895)",RST1,0,Module 21,RST1
group_1223,BB_J19,"(1.0, 0.1640625, 0.6217105263157895)",RST1,0,Module 21,RST1
group_159,BB_K50,"(1.0, 0.0, 0.21052631578947367)",RST1,1,Module 21,RST1
group_1205,BB_J18,"(1.0, 0.1640625, 0.6217105263157895)",RST1,0,Module 21,RST1
group_1206,BB_I26,"(1.0, 0.1640625, 0.6217105263157895)",RST1,0,Module 21,RST1
group_1215,BB_J29,"(1.0, 0.1640625, 0.6217105263157895)",RST1,0,Module 21,RST1
group_1213,,"(1.0, 0.1640625, 0.6217105263157895)",RST1,0,Module 21,RST1
group_351,BB_N38,"(1.0, 0.0, 0.2631578947368421)",RST1,1,Module 21,RST1
group_641,,"(1.0, 0.20192307692307693, 0.42510121457489874)",RST1,0,Module 21,RST1
group_1207,BB_J24,"(1.0, 0.1640625, 0.6217105263157895)",RST1,0,Module 21,RST1
group_955,BB_N16,"(1.0, 0.0, 0.0)",RST1,0,Module 21,RST1
group_160,BB_N11,"(1.0, 0.0, 0.0)",RST1,0,Module 21,RST1
group_691,,"(1.0, 0.7777777777777778, 0.49122807017543857)",RST1,0,Module 21,RST1
group_841,BB_S41,"(1.0, 0.0, 0.0)",RST1,1,Module 21,RST1
group_967,,"(1.0, 0.0, 0.0)",RST1,0,Module 21,RST1
erpQ,BB_N39,"(1.0, 0.0, 0.21052631578947367)",RST1,1,Module 21,RST1
group_740,,"(1.0, 0.23863636363636362, 0.20095693779904303)",RST1,0,Module 21,RST1
group_201,BB_M17,"(1.0, 0.10294117647058823, 0.32507739938080493)",RST1,0,Module 21,RST1
group_916,BB_Q51,"(1.0, 0.0, 0.06907894736842106)",RST1,0,Module 21,RST1
group_311,BB_M16,"(1.0, 0.15441176470588236, 0.0)",RST1,0,Module 21,RST1
group_1210,BB_J50,"(1.0, 0.1640625, 0.6217105263157895)",RST1,0,Module 21,RST1
group_1209,BB_J34,"(1.0, 0.1640625, 0.6217105263157895)",RST1,1,Module 21,RST1
group_335,BB_R43,"(1.0, 0.0, 0.23268698060941828)",RST1,0,Module 21,RST1
blyB,,"(1.0, 0.65625, 0.6631578947368421)",RST1,0,Module 22,RST1
group_256,BB_O16,"(1.0, 0.9916666666666667, 0.7368421052631579)",RST1,0,Module 22,RST1
group_485,,"(0.7912087912087912, 1.0, 0.09716599190283401)",RST2,0,Module 22,RST1
group_679,,"(1.0, 0.875, 0.5263157894736842)",RST1,0,Module 22,RST1
group_161,,"(1.0, 1.0, 0.8947368421052632)",RST1,0,Module 22,RST1
group_294,,"(1.0, 0.9166666666666666, 0.7368421052631579)",RST1,0,Module 22,RST1
group_823,BB_I41,"(0.987012987012987, 1.0, 0.3444976076555024)",RST2,0,Module 22,RST1
group_997,,"(1.0, 0.875, 0.8947368421052632)",RST1,0,Module 22,RST1
group_532,,"(1.0, 1.0, 0.6842105263157895)",RST1,0,Module 22,RST1
group_572,BB_N38,"(1.0, 0.7109375, 0.5526315789473685)",RST1,1,Module 22,RST1
group_741,BB_E02,"(1.0, 0.9166666666666666, 0.3684210526315789)",RST1,0,Module 22,RST1
group_1178,BB_H04,"(0.9440993788819876, 1.0, 0.3295194508009153)",RST2,0,Module 22,RST1
group_243,,"(0.9937888198757763, 1.0, 0.6590389016018307)",RST2,0,Module 22,RST1
group_784,BB_H09,"(1.0, 0.6666666666666666, 0.3157894736842105)",RST1,0,Module 22,RST1
group_1133,BB_0844,"(1.0, 0.7916666666666666, 0.47368421052631576)",RST1,1,Module 22,RST1
group_1322,,"(0.0, 1.0, 0.0)",RST2,0,Module 22,RST1
group_903,BB_U12,"(0.0, 0.3958333333333333, 1.0)",RST3,0,Module 22,RST1
group_792,,"(1.0, 0.7954545454545454, 0.6028708133971291)",RST1,0,Module 22,RST1
group_262,BB_K35,"(1.0, 0.9264705882352942, 0.7801857585139318)",RST1,0,Module 22,RST1
group_364,BB_O24,"(1.0, 0.5384615384615384, 0.0)",RST1,0,Module 22,RST1
group_1313,BB_S06,"(0.0, 1.0, 0.0)",RST2,0,Module 22,RST1
group_693,,"(1.0, 0.83125, 0.4421052631578947)",RST1,0,Module 22,RST1
group_326,BB_P03,"(1.0, 1.0, 0.5789473684210527)",RST1,0,Module 22,RST1
group_347,,"(0.9523809523809523, 1.0, 0.5789473684210527)",RST2,0,Module 22,RST1
group_1054,BB_S04,"(1.0, 1.0, 0.5263157894736842)",RST1,0,Module 22,RST1
group_821,,"(0.9670329670329672, 1.0, 0.38866396761133604)",RST2,0,Module 22,RST1
group_860,BB_F14,"(1.0, 0.2573529411764706, 0.32507739938080493)",RST1,0,Module 23,RST1
group_989,BB_S01,"(1.0, 0.43750000000000006, 0.23684210526315788)",RST1,0,Module 23,RST1
bdrP,BB_S29,"(1.0, 0.40384615384615385, 0.9352226720647774)",RST1,0,Module 23,RST1
group_561,,"(1.0, 0.875, 0.7894736842105263)",RST1,0,Module 23,RST1
group_818,,"(1.0, 0.2573529411764706, 0.5851393188854489)",RST1,0,Module 23,RST1
group_777,,"(1.0, 0.5833333333333334, 0.8421052631578947)",RST1,0,Module 23,RST1
group_571,,"(1.0, 0.34027777777777785, 0.18421052631578946)",RST1,0,Module 23,RST1
group_308,,"(1.0, 0.4583333333333333, 0.5789473684210527)",RST1,0,Module 23,RST1
group_91,,"(1.0, 0.09210526315789473, 0.3490304709141274)",RST1,0,Module 23,RST1
group_543,BB_Q33,"(1.0, 0.24305555555555558, 0.7982456140350878)",RST1,0,Module 23,RST1
group_491,BB_F13,"(1.0, 0.2573529411764706, 0.32507739938080493)",RST1,0,Module 23,RST1
group_446,BB_S38,"(1.0, 0.3223684210526316, 0.46537396121883656)",RST1,1,Module 23,RST1
group_143,,"(1.0, 0.0, 0.680161943319838)",RST1,0,Module 23,RST1
group_117,BB_F12,"(1.0, 0.2573529411764706, 0.32507739938080493)",RST1,0,Module 23,RST1
group_385,,"(0.0, 0.0, 1.0)",RST3,1,Module 23,RST1
mlpF~~~mlpC,BB_M28,"(0.9047619047619048, 0.06089743589743589, 1.0)",RST3,1,Module 23,RST1
group_376,BB_S37,"(0.8095238095238095, 0.7083333333333334, 1.0)",RST3,0,Module 23,RST1
group_1314,BB_P30,"(0.0, 0.0, 1.0)",RST3,0,Module 23,RST1
group_772,,"(1.0, 0.3223684210526316, 0.814404432132964)",RST1,0,Module 23,RST1
group_773,,"(0.9579831932773109, 0.6519607843137255, 1.0)",RST3,0,Module 23,RST1
group_713,,"(1.0, 0.4083333333333333, 0.8105263157894737)",RST1,0,Module 23,RST1
group_219,,"(1.0, 0.19444444444444445, 0.30701754385964913)",RST1,0,Module 23,RST1
group_417,BB_O30,"(0.8042328042328042, 0.6157407407407408, 1.0)",RST3,0,Module 23,RST1
group_404,,"(1.0, 0.7205882352941176, 0.7151702786377709)",RST1,0,Module 24,RST1
bcsQ~~~parA,BB_O32,"(1.0, 0.9210526315789475, 0.9307479224376731)",RST1,0,Module 24,RST1
group_515,,"(1.0, 0.43750000000000006, 0.3157894736842105)",RST1,0,Module 24,RST1
group_553,,"(1.0, 0.5833333333333334, 0.29473684210526313)",RST1,0,Module 24,RST1
group_1067,BB_S05,"(1.0, 0.546875, 0.13815789473684212)",RST1,0,Module 24,RST1
group_450,BB_P41,"(1.0, 0.40384615384615385, 0.0)",RST1,0,Module 24,RST1
group_398,,"(1.0, 0.47727272727272724, 0.0)",RST1,0,Module 24,RST1
group_882,BB_O33,"(1.0, 0.9210526315789475, 0.9307479224376731)",RST1,0,Module 24,RST1
group_845,BB_O34,"(1.0, 0.9210526315789475, 0.9307479224376731)",RST1,0,Module 24,RST1
group_1013,BB_S34,"(1.0, 0.75, 0.7894736842105263)",RST1,0,Module 24,RST1
group_1004,,"(1.0, 0.375, 0.47368421052631576)",RST1,0,Module 24,RST1
group_612,,"(0.9795918367346937, 1.0, 0.9924812030075187)",RST2,0,Module 24,RST1
group_441,,"(1.0, 0.75, 0.5526315789473685)",RST1,0,Module 24,RST1
group_1321,BB_F20,"(0.0, 0.0, 0.0)",Equal,1,Module 24,RST1
group_221,BB_Q37,"(0.0, 1.0, 0.0)",RST2,0,Module 24,RST1
group_55,,"(0.5714285714285714, 1.0, 0.0)",RST2,0,Module 24,RST1
group_330,,"(1.0, 0.7916666666666666, 0.9473684210526315)",RST1,0,Module 24,RST1
bdrW~~~repU,BB_Q34,"(1.0, 0.7954545454545454, 0.7033492822966506)",RST1,0,Module 24,RST1
group_1051,BB_S20,"(0.5714285714285714, 1.0, 0.3157894736842105)",RST2,0,Module 24,RST1
group_371,,"(1.0, 0.7583333333333333, 0.8105263157894737)",RST1,0,Module 24,RST1
group_614,,"(1.0, 0.984375, 0.8980263157894738)",RST1,0,Module 24,RST1
group_637,,"(0.7999999999999999, 1.0, 0.5052631578947367)",RST2,0,Module 24,RST1
group_384,BB_G32,"(1.0, 0.175, 0.718421052631579)",RST1,0,Module 25,RST1
group_387,BB_G24,"(1.0, 0.175, 0.718421052631579)",RST1,0,Module 25,RST1
group_504,BB_G25,"(1.0, 0.175, 0.718421052631579)",RST1,1,Module 25,RST1
group_617,BB_G30,"(1.0, 0.175, 0.718421052631579)",RST1,0,Module 25,RST1
group_540,BB_G29,"(1.0, 0.175, 0.718421052631579)",RST1,0,Module 25,RST1
group_580,BB_G27,"(1.0, 0.175, 0.718421052631579)",RST1,0,Module 25,RST1
group_1181,BB_G26,"(1.0, 0.175, 0.718421052631579)",RST1,0,Module 25,RST1
group_546,BB_G31,"(1.0, 0.175, 0.718421052631579)",RST1,0,Module 25,RST1
group_453,,"(1.0, 0.7291666666666667, 0.18421052631578946)",RST1,0,Module 25,RST1
group_1073,,"(1.0, 0.0, 0.0)",RST1,0,Module 25,RST1
group_1235,,"(1.0, 0.0, 0.08502024291497975)",RST1,1,Module 25,RST1
group_1103,BB_M02,"(1.0, 0.0, 0.0)",RST1,0,Module 25,RST1
group_144,BB_E02,"(1.0, 0.0, 0.0)",RST1,0,Module 25,RST1
group_757,BB_G33,"(1.0, 0.30625, 0.718421052631579)",RST1,0,Module 25,RST1
group_114,,"(1.0, 0.0, 0.5526315789473685)",RST1,0,Module 25,RST1
group_674,,"(1.0, 0.0, 0.5526315789473685)",RST1,0,Module 25,RST1
group_1159,BB_U08,"(1.0, 0.0, 0.5526315789473685)",RST1,0,Module 25,RST1
group_315,,"(1.0, 0.7, 0.6078947368421054)",RST1,0,Module 25,RST1
group_1109,,"(1.0, 0.0, 0.07894736842105263)",RST1,0,Module 25,RST1
group_82,,"(1.0, 0.14583333333333334, 0.09210526315789473)",RST1,0,Module 25,RST1
group_418,BB_P30,"(1.0, 0.375, 0.39473684210526316)",RST1,0,Module 25,RST1
blyA,,"(1.0, 1.0, 0.7368421052631579)",RST1,0,Module 25,RST1
group_1110,BB_L28,"(1.0, 0.0, 0.0)",RST1,1,Module 25,RST1
group_16,BB_E18,"(1.0, 0.0, 0.5526315789473685)",RST1,0,Module 25,RST1
group_362,BB_G28,"(1.0, 0.175, 0.718421052631579)",RST1,0,Module 25,RST1
group_157,,"(1.0, 0.7, 0.6631578947368421)",RST1,0,Module 25,RST1
group_413,,"(1.0, 0.4921875, 0.6907894736842105)",RST1,0,Module 25,RST1
group_408,BB_F32,"(1.0, 0.0, 0.0)",RST1,1,Module 25,RST1
group_876,BB_P01,"(1.0, 0.2916666666666667, 0.3684210526315789)",RST1,0,Module 25,RST1
group_1053,BB_S06,"(1.0, 0.21875, 0.13815789473684212)",RST1,0,Module 25,RST1
group_774,,"(1.0, 0.046052631578947366, 0.8725761772853186)",RST1,0,Module 25,RST1
group_87,BB_Q24,"(1.0, 0.0, 0.13815789473684212)",RST1,0,Module 25,RST1
group_419,,"(1.0, 0.19444444444444445, 0.7368421052631579)",RST1,0,Module 25,RST1
group_278,BB_O36,"(1.0, 0.14583333333333334, 0.09210526315789473)",RST1,0,Module 25,RST1
group_134,BB_S08,"(1.0, 0.0, 0.1700404858299595)",RST1,0,Module 25,RST1
vlsE1,BB_F32,"(1.0, 0.0, 0.0)",RST1,1,Module 25,RST1
group_890,BB_F10,"(1.0, 0.0, 0.0)",RST1,0,Module 25,RST1
group_790,BB_F32,"(1.0, 0.0, 0.0)",RST1,1,Module 25,RST1
group_958,,"(1.0, 0.0, 0.0)",RST1,0,Module 25,RST1
group_208,,"(1.0, 0.0, 0.0)",RST1,0,Module 25,RST1
group_907,,"(1.0, 0.0, 0.0)",RST1,0,Module 25,RST1
group_953,,"(1.0, 0.0, 0.0)",RST1,0,Module 25,RST1
group_395,,"(1.0, 0.0, 0.0)",RST1,0,Module 25,RST1
group_58,BB_C03%2CBBC03,"(1.0, 0.0, 0.0)",RST1,0,Module 25,RST1
group_980,BB_G10,"(1.0, 0.0, 0.0)",RST1,0,Module 25,RST1
group_670,BB_G23,"(1.0, 0.25, 0.42105263157894735)",RST1,0,Module 25,RST1
group_1091,BB_L41,"(1.0, 0.125, 0.15789473684210525)",RST1,0,Module 25,RST1
group_710,,"(1.0, 0.0, 0.0)",RST1,0,Module 25,RST1
group_728,,"(1.0, 0.0, 0.0)",RST1,0,Module 25,RST1
group_198,BB_F05,"(1.0, 0.15441176470588236, 0.13003095975232198)",RST1,0,Module 25,RST1
group_1089,BB_P29,"(1.0, 0.2916666666666667, 0.3684210526315789)",RST1,0,Module 26,RST1
group_1002,,"(1.0, 0.75, 0.0)",RST1,0,Module 26,RST1
group_505,,"(1.0, 0.6805555555555557, 0.12280701754385964)",RST1,0,Module 26,RST1
group_1068,,"(1.0, 0.6250000000000001, 0.0)",RST1,0,Module 26,RST1
group_403,,"(0.8739495798319328, 1.0, 0.22291021671826622)",RST2,0,Module 26,RST1
group_139,,"(1.0, 0.7, 0.0)",RST1,0,Module 26,RST1
group_933,,"(1.0, 0.5, 0.15789473684210525)",RST1,0,Module 26,RST1
group_802,,"(1.0, 0.7875000000000001, 0.22105263157894736)",RST1,0,Module 26,RST1
group_585,BB_L30,"(0.7619047619047619, 1.0, 0.2807017543859649)",RST2,0,Module 26,RST1
group_338,,"(1.0, 0.984375, 0.0)",RST1,0,Module 26,RST1
group_166,,"(1.0, 0.875, 0.49122807017543857)",RST1,0,Module 26,RST1
group_95,BB_M09,"(0.8571428571428571, 1.0, 0.0)",RST2,0,Module 26,RST1
group_583,,"(1.0, 0.525, 0.5157894736842105)",RST1,0,Module 26,RST1
group_214,BB_O15,"(0.0, 1.0, 0.0)",RST2,0,Module 26,RST1
group_333,,"(1.0, 0.14583333333333334, 0.18421052631578946)",RST1,0,Module 26,RST1
group_678,BB_N10,"(1.0, 0.9583333333333334, 0.9473684210526315)",RST1,0,Module 26,RST1
group_709,,"(0.19047619047619047, 1.0, 0.0)",RST2,0,Module 26,RST1
group_190,,"(0.7619047619047619, 1.0, 0.42105263157894735)",RST2,0,Module 26,RST1
parA,BB_L32,"(0.5274725274725275, 1.0, 0.5829959514170041)",RST2,0,Module 26,RST1
group_629,,"(0.9047619047619048, 0.47500000000000003, 1.0)",RST3,0,Module 26,RST1
group_626,,"(1.0, 0.5147058823529412, 0.5201238390092879)",RST1,0,Module 26,RST1
group_407,BB_R05,"(1.0, 0.0673076923076923, 0.340080971659919)",RST1,0,Module 27,RST1
group_200,,"(1.0, 0.0, 0.24561403508771928)",RST1,0,Module 27,RST1
group_168,BB_C10%2CBBC10,"(1.0, 0.48611111111111116, 0.24561403508771928)",RST1,1,Module 27,RST1
group_725,,"(0.9937888198757763, 1.0, 0.8237986270022883)",RST2,0,Module 27,RST1
group_780,BB_D04,"(1.0, 0.30625, 0.7736842105263158)",RST1,0,Module 27,RST1
group_1060,BB_U07,"(1.0, 0.3888888888888889, 0.24561403508771928)",RST1,0,Module 27,RST1
group_1058,BB_U06,"(1.0, 0.3888888888888889, 0.24561403508771928)",RST1,0,Module 27,RST1
group_791,BB_C01%2CBBC01,"(0.9952380952380954, 0.6333333333333333, 1.0)",RST3,0,Module 27,RST1
group_255,,"(1.0, 0.328125, 0.4144736842105263)",RST1,0,Module 27,RST1
group_697,,"(1.0, 0.4375, 0.27631578947368424)",RST1,0,Module 27,RST1
group_686,,"(1.0, 0.3602941176470588, 0.5851393188854489)",RST1,0,Module 27,RST1
group_605,,"(1.0, 0.2625, 0.4421052631578947)",RST1,0,Module 27,RST1
group_1093,BB_R26,"(1.0, 0.2692307692307692, 0.5101214574898785)",RST1,0,Module 27,RST1
group_1033,,"(1.0, 1.0, 0.9473684210526315)",RST1,0,Module 27,RST1
group_549,,"(1.0, 0.7291666666666667, 0.49122807017543857)",RST1,0,Module 27,RST1
group_592,BB_C02%2CBBC02,"(1.0, 0.7159090909090908, 0.5023923444976076)",RST1,0,Module 27,RST1
group_409,BB_R04,"(0.7792207792207793, 1.0, 0.9186602870813397)",RST2,0,Module 27,RST1
erpX,BB_Q47,"(1.0, 0.0, 0.0)",RST1,1,Module 27,RST1
group_1019,BB_Q17,"(1.0, 0.5833333333333334, 0.7368421052631579)",RST1,0,Module 27,RST1
group_1238,,"(1.0, 0.1346153846153846, 0.08502024291497975)",RST1,0,Module 27,RST1
group_301,BB_P39,"(1.0, 0.175, 0.6631578947368421)",RST1,1,Module 27,RST1
group_484,,"(1.0, 0.0, 0.3157894736842105)",RST1,0,Module 27,RST1
group_661,BB_G19,"(1.0, 0.18421052631578946, 0.6980609418282548)",RST1,0,Module 27,RST1
group_1240,,"(1.0, 0.1346153846153846, 0.08502024291497975)",RST1,0,Module 27,RST1
group_692,BB_C06%2CBBC06,"(1.0, 0.6125, 0.4421052631578947)",RST1,0,Module 27,RST1
group_1097,BB_F03,"(1.0, 0.0, 0.0)",RST1,0,Module 27,RST1
group_1107,BB_G34,"(1.0, 0.0, 0.0)",RST1,0,Module 27,RST1
group_136,BB_C01%2CBBC01,"(1.0, 0.6125, 0.5526315789473685)",RST1,0,Module 27,RST1
group_1077,,"(1.0, 0.0, 0.0)",RST1,0,Module 27,RST1
group_142,,"(1.0, 0.3888888888888889, 0.3684210526315789)",RST1,0,Module 27,RST1
group_1063,BB_U12,"(1.0, 0.3888888888888889, 0.3684210526315789)",RST1,0,Module 27,RST1
group_1024,BB_M02,"(1.0, 0.0, 0.3157894736842105)",RST1,0,Module 27,RST1
group_1061,BB_U08,"(1.0, 0.3888888888888889, 0.24561403508771928)",RST1,0,Module 27,RST1
group_107,,"(1.0, 0.7875000000000001, 0.33157894736842103)",RST1,0,Module 27,RST1
group_1211,,"(1.0, 0.1346153846153846, 0.08502024291497975)",RST1,0,Module 27,RST1
group_1229,BB_J46,"(1.0, 0.1346153846153846, 0.08502024291497975)",RST1,1,Module 27,RST1
group_81,BB_M18,"(1.0, 0.0, 0.24561403508771928)",RST1,0,Module 27,RST1
group_1261,BB_A69,"(0.9523809523809523, 0.9583333333333334, 1.0)",RST3,1,Module 28,RST1
group_1079,BB_O10,"(1.0, 0.0, 0.0)",RST1,0,Module 28,RST1
group_1022,BB_S38,"(0.6634920634920635, 0.686111111111111, 1.0)",RST3,0,Module 28,RST1
group_992,BB_M07,"(1.0, 0.6691176470588235, 0.4551083591331269)",RST1,0,Module 28,RST1
group_401,,"(1.0, 0.3888888888888889, 0.49122807017543857)",RST1,0,Module 28,RST1
group_414,,"(1.0, 0.6125, 0.5526315789473685)",RST1,0,Module 28,RST1
group_295,,"(1.0, 0.4666666666666666, 0.3684210526315789)",RST1,0,Module 28,RST1
group_1271,,"(0.9523809523809523, 0.9583333333333334, 1.0)",RST3,0,Module 28,RST1
group_490,,"(1.0, 0.5104166666666667, 0.0)",RST1,0,Module 28,RST1
thyX,BB_A76,"(0.9523809523809523, 0.9583333333333334, 1.0)",RST3,0,Module 28,RST1
group_348,BB_R41,"(1.0, 0.0, 0.0)",RST1,0,Module 28,RST1
group_1268,BB_A73,"(0.9523809523809523, 0.9583333333333334, 1.0)",RST3,0,Module 28,RST1
group_191,BB_S31,"(0.9047619047619048, 0.3958333333333333, 1.0)",RST3,0,Module 28,RST1
group_851,BB_Q17,"(1.0, 0.0, 0.1700404858299595)",RST1,0,Module 28,RST1
group_257,,"(1.0, 0.109375, 0.4144736842105263)",RST1,0,Module 28,RST1
group_539,BB_O17,"(1.0, 0.0, 0.3157894736842105)",RST1,0,Module 28,RST1
group_1252,,"(0.9523809523809523, 0.9583333333333334, 1.0)",RST3,1,Module 28,RST1
group_734,,"(1.0, 0.506578947368421, 0.6980609418282548)",RST1,0,Module 28,RST1
group_509,BB_S33,"(0.9550264550264551, 0.6597222222222222, 1.0)",RST3,0,Module 28,RST1
osm28,BB_A74,"(0.9523809523809523, 0.9583333333333334, 1.0)",RST3,0,Module 28,RST1
group_586,BB_Q34,"(0.9624060150375939, 1.0, 0.5983379501385041)",RST2,0,Module 28,RST1
group_1170,,"(1.0, 0.9333333333333332, 0.3684210526315789)",RST1,0,Module 29,RST1
group_1043,BB_G13,"(1.0, 0.875, 0.5263157894736842)",RST1,0,Module 29,RST1
group_668,BB_G21,"(1.0, 0.875, 0.5263157894736842)",RST1,0,Module 29,RST1
group_664,BB_G20,"(1.0, 0.875, 0.5263157894736842)",RST1,0,Module 29,RST1
group_651,BB_G17,"(1.0, 0.875, 0.5263157894736842)",RST1,0,Module 29,RST1
group_465,,"(1.0, 0.875, 0.5263157894736842)",RST1,0,Module 29,RST1
rdgC,BB_G12,"(1.0, 0.875, 0.5263157894736842)",RST1,0,Module 29,RST1
group_578,,"(1.0, 0.875, 0.5789473684210527)",RST1,0,Module 29,RST1
group_667,BB_G0036,"(1.0, 0.875, 0.5263157894736842)",RST1,0,Module 29,RST1
group_1009,,"(1.0, 0.7083333333333334, 0.47368421052631576)",RST1,0,Module 29,RST1
group_646,,"(1.0, 0.5833333333333334, 0.8596491228070176)",RST1,0,Module 29,RST1
group_400,,"(0.6233766233766234, 1.0, 0.22966507177033493)",RST2,0,Module 29,RST1
group_736,,"(1.0, 0.8235294117647058, 0.9752321981424149)",RST1,0,Module 29,RST1
group_63,BB_M04,"(0.48979591836734687, 1.0, 0.5413533834586466)",RST2,0,Module 29,RST1
group_342,BB_O21,"(1.0, 0.8166666666666667, 0.8842105263157894)",RST1,0,Module 29,RST1
group_801,,"(1.0, 0.9545454545454545, 0.6028708133971291)",RST1,0,Module 29,RST1
repU,BB_Q34,"(0.6857142857142856, 1.0, 0.5052631578947367)",RST2,0,Module 29,RST1
group_1100,,"(0.0, 1.0, 0.0)",RST2,0,Module 29,RST1
group_327,,"(1.0, 0.984375, 0.5526315789473685)",RST1,0,Module 29,RST1
group_1059,,"(0.8163265306122448, 1.0, 0.4511278195488721)",RST2,0,Module 30,RST1
group_990,BB_Q53,"(1.0, 0.9166666666666666, 0.7368421052631579)",RST1,0,Module 30,RST1
group_113,BB_G01,"(1.0, 0.9671052631578947, 0.7562326869806094)",RST1,1,Module 30,RST1
group_498,BB_R35,"(1.0, 0.9210526315789475, 0.7562326869806094)",RST1,0,Module 30,RST1
group_779,BB_E31,"(0.9937888198757763, 1.0, 0.8787185354691075)",RST2,1,Module 30,RST1
group_1034,BB_D22,"(1.0, 0.6015625, 0.13815789473684212)",RST1,0,Module 30,RST1
group_820,,"(1.0, 0.7875000000000001, 0.718421052631579)",RST1,0,Module 30,RST1
group_300,BB_S44,"(0.8571428571428571, 1.0, 0.9473684210526315)",RST2,0,Module 30,RST1
group_1056,,"(1.0, 0.525, 0.11052631578947368)",RST1,0,Module 30,RST1
group_1171,BB_E18,"(1.0, 0.9625, 0.8842105263157894)",RST1,0,Module 30,RST1
erpH~~~erpA~~~erpC,,"(0.7857142857142858, 1.0, 0.5526315789473685)",RST2,1,Module 30,RST1
group_642,BB_G16,"(1.0, 0.875, 0.8421052631578947)",RST1,0,Module 30,RST1
group_613,,"(1.0, 0.875, 0.0)",RST1,0,Module 30,RST1
group_227,BB_O40,"(1.0, 0.0, 0.0)",RST1,1,Module 30,RST1
group_1316,BB_S31,"(1.0, 0.0, 0.0)",RST1,0,Module 30,RST1
group_141,,"(0.7394957983193278, 1.0, 0.6687306501547987)",RST2,0,Module 30,RST1
tsaC,BB_U11,"(0.7394957983193278, 1.0, 0.6687306501547987)",RST2,0,Module 30,RST1
erpP,BB_N38,"(1.0, 0.0, 0.0)",RST1,1,Module 30,RST1
group_390,BB_G03,"(1.0, 0.9625, 0.718421052631579)",RST1,0,Module 30,RST1
group_1055,,"(1.0, 0.7291666666666667, 0.18421052631578946)",RST1,0,Module 30,RST1
group_1062,BB_U09,"(0.7619047619047619, 1.0, 0.42105263157894735)",RST2,0,Module 30,RST1
group_150,BB_G02,"(0.9937888198757763, 1.0, 0.7139588100686499)",RST2,0,Module 30,RST1
group_346,,"(0.9795918367346939, 1.0, 0.9624060150375939)",RST2,0,Module 30,RST1
group_590,BB_S15,"(0.9440993788819876, 1.0, 0.7688787185354691)",RST2,0,Module 31,RST2
group_598,BB_E21,"(0.9937888198757763, 1.0, 0.8787185354691075)",RST2,0,Module 31,RST2
group_497,BB_E17,"(0.9937888198757763, 1.0, 0.8787185354691075)",RST2,0,Module 31,RST2
group_464,BB_E19,"(0.9937888198757763, 1.0, 0.8787185354691075)",RST2,0,Module 31,RST2
group_304,BB_E20,"(0.9937888198757763, 1.0, 0.8787185354691075)",RST2,0,Module 31,RST2
pncA,BB_E22,"(0.9937888198757763, 1.0, 0.8787185354691075)",RST2,0,Module 31,RST2
group_267,BB_E16,"(0.9937888198757763, 1.0, 0.8787185354691075)",RST2,0,Module 31,RST2
group_531,BB_S44,"(0.987012987012987, 1.0, 0.7464114832535885)",RST2,0,Module 31,RST2
group_1027,,"(1.0, 0.21875, 0.18421052631578946)",RST1,0,Module 31,RST2
group_1029,,"(1.0, 0.21875, 0.18421052631578946)",RST1,0,Module 31,RST2
group_202,BB_N02,"(1.0, 0.9916666666666667, 0.9578947368421052)",RST1,0,Module 31,RST2
group_1326,BB_Q04,"(1.0, 0.0, 0.0)",RST1,1,Module 31,RST2
group_1325,BB_Q03,"(1.0, 0.0, 0.0)",RST1,1,Module 31,RST2
tnpB~~~insQ,BB_G05,"(1.0, 0.8750000000000001, 0.718421052631579)",RST1,0,Module 31,RST2
ospB,BB_A16,"(0.9523809523809523, 1.0, 1.0)",RST2,1,Module 31,RST2
group_858,BB_C03%2CBBC03,"(1.0, 0.0, 0.7368421052631579)",RST1,0,Module 32,RST1
group_1018,BB_M31,"(1.0, 0.65625, 0.27631578947368424)",RST1,0,Module 32,RST1
group_564,,"(0.5714285714285714, 1.0, 0.0)",RST2,0,Module 32,RST1
group_803,,"(0.9579831932773109, 0.8848039215686274, 1.0)",RST3,0,Module 33,RST1
group_806,,"(1.0, 0.5833333333333334, 0.3684210526315789)",RST1,0,Module 33,RST1
group_331,,"(0.9904761904761905, 1.0, 0.5894736842105263)",RST2,0,Module 33,RST1
group_715,,"(1.0, 0.8235294117647058, 0.7151702786377709)",RST1,0,Module 33,RST1
group_1032,BB_D21,"(1.0, 0.6015625, 0.20723684210526316)",RST1,0,Module 33,RST1
group_631,BB_Q35,"(1.0, 0.826388888888889, 0.49122807017543857)",RST1,1,Module 34,RST1
group_811,,"(1.0, 0.5833333333333334, 0.49122807017543857)",RST1,0,Module 34,RST1
